"COD_LOJA","plu","NOM_SECAO","NOM_CATEG","NOM_SUBCATEG","NOM_GRUPO","NOM_SUBGRUPO","NOM_PROD","FILL.P","N.DAYS","S.DAYS","N.TRANS","PROFIT","MAPE.MLR","MAPE.MLR.wo","b.acc"
1341,10191,"CARNES E AVES","CARNES","SUINOS E OUTROS","SUINOS-RESFRIADOS","RESF - CORTES SUINOS GENERICOS","COSTELA SUINA FATIADA RESF KG CORTE",74.63,749,559,3221,61885.76,72.22,76.03,72.22
1341,10238,"FRIOS TRANSFORMADOS","PEREC COMPLEMENTAR","FRIOS MANIPULADOS","SALAME COPA E LOMBO MANIPULADO","COPA MANIPULADA","CARNE RESF SUINA COPA FAT",67.2,750,504,2159,24551.43,16.09,16.33,16.09
1341,10528,"CARNES E AVES","CARNES","SUINOS E OUTROS","SUINOS-RESFRIADOS","RESF - CORTES SUINOS GENERICOS","COSTELA SUINA RESF KG (CORTES)",92,750,690,6417,100456.73,18.49,20.08,18.49
1341,105491,"CARNES E AVES","CARNES","BOVINOS","BOV-RESFRIADOS","RESF-MIUDO BOVINO","RINS BOVINO KG",33.83,745,252,395,1849.04,10.11,13.24,10.11
1341,10924,"FRIOS TRANSFORMADOS","PEREC COMPLEMENTAR","FRIOS MANIPULADOS","LINGUICA MANIPULADA","LINGUICA DE AVE MANIPULADA","LING FRANGO SEARA GNEL KG      5185",40.59,749,304,983,9959.1,28.64,26.68,26.68
1341,11099,"CARNES E AVES","CARNES","BOVINOS","BOV-RESFRIADOS","RESF-BOVNO BIFE","FILE MIGNON BOV RESF BIFE        KG",76.07,748,569,4393,117301.68,23.56,34.11,23.56
1341,115582,"CARNES E AVES","CARNES","BOVINOS","BOV-RESFRIADOS","RUBIA GALLEGA","RG COXAO MOLE NOVILHO CNE P/ MOLHO",69.81,742,518,1918,38953.29,44.45,51.71,44.45
1341,115636,"CARNES E AVES","CARNES","BOVINOS","BOV-RESFRIADOS","RUBIA GALLEGA","RG COXAO MOLE NOVILHO STROGONOFF",75.6,750,567,2543,41197.05,17.97,13.7,13.7
1341,115643,"CARNES E AVES","CARNES","BOVINOS","BOV-RESFRIADOS","RUBIA GALLEGA","RG COXAO MOLE NOVILHO BIFE PARIS",66.53,750,499,1803,25743.75,3.61,2.39,2.39
1341,11662,"CARNES E AVES","CARNES","BOVINOS","BOV-RESFRIADOS","RESF-BOVNO BIFE","LAGARTO BOV RESF BIFE            KG",34.9,722,252,549,5980.1,9.35,8.53,8.53
1341,119948,"CARNES E AVES","CARNES","BOVINOS","BOV-RESFRIADOS","RUBIA GALLEGA","RG PATINHO NOVILHO BIFE P/ MILANESA",22.95,745,171,366,4327.01,19.84,20.42,18.65
1341,119979,"CARNES E AVES","CARNES","BOVINOS","BOV-RESFRIADOS","RUBIA GALLEGA","RG MUSCULO NOVILHO ESPECIAL",20.26,701,142,383,4915.54,11.23,11.25,11.23
1341,119986,"CARNES E AVES","CARNES","BOVINOS","BOV-RESFRIADOS","RUBIA GALLEGA","RG PALETA NOVILHO BIFE DE PANELA",26.23,732,192,421,3917.34,13.52,12.43,12.43
1341,119993,"CARNES E AVES","CARNES","BOVINOS","BOV-RESFRIADOS","RUBIA GALLEGA","RG PALETA NOVILHO BIFE BORBOLETA",20.82,730,152,290,3251.95,14.67,12.71,12.71
1341,120005,"CARNES E AVES","CARNES","BOVINOS","BOV-RESFRIADOS","RUBIA GALLEGA","RG PALETA NOVILHO PEIXINHO ESPECIAL",41.26,749,309,502,12348.6,18.91,18.91,18.91
1341,120036,"CARNES E AVES","CARNES","BOVINOS","BOV-RESFRIADOS","RUBIA GALLEGA","RG BIFE A MINEIRA NOVILHO",11.78,713,84,165,1426.8,35.83,34.86,26.62
1341,120098,"CARNES E AVES","CARNES","BOVINOS","BOV-RESFRIADOS","RUBIA GALLEGA","RG COXAO DURO NOVILHO BIFE P/ ROLE",39.78,729,290,569,15014.32,10.54,10.54,10.54
1341,12010,"CARNES E AVES","CARNES","AVES","AVES-RESFRIADAS","RESF - FRANGO INTEIRO","FRANGO A PASSARINHO RESF          K",47.66,749,357,1036,10551.52,16.06,12.87,12.87
1341,120951,"FRIOS TRANSFORMADOS","PEREC COMPLEMENTAR","FRIOS MANIPULADOS","FRIO DE AVE MANIPULADO","PEITO DE AVE MANIPULADO","PTO PERU C/CAS DEF LIG SEARA FAT",79.07,750,593,4321,26358.27,15.63,24.96,15.4
1341,120975,"FRIOS TRANSFORMADOS","PEREC COMPLEMENTAR","FRIOS MANIPULADOS","FRIO DE AVE MANIPULADO","PEITO DE AVE MANIPULADO","PTO PERU S/CAS DEF LIG SEARA FAT",77.47,750,581,6265,50073.47,13.44,41.45,13.44
1341,121491,"CARNES E AVES","CARNES","BOVINOS","BOV-RESFRIADOS","RUBIA GALLEGA","RG LAGARTO NOVILHO EXTRA LIMPO",47.73,750,358,823,30607.03,21.75,21.62,21.62
1341,121507,"CARNES E AVES","CARNES","BOVINOS","BOV-RESFRIADOS","RUBIA GALLEGA","RG LAGARTO NOVILHO BIFE PALHA",44.64,746,333,620,6716.5,13.75,19.88,13.75
1341,12249,"CARNES E AVES","CARNES","SUINOS E OUTROS","SUINOS-RESFRIADOS","RESF - CORTES SUINOS GENERICOS","LOMBO SUINO RESF KG (CORTE)",77.6,750,582,2057,46048.34,25.2,69.68,25.2
1341,1250,"CARNES E AVES","CARNES","BOVINOS","BOV-RESFRIADOS","RESF-MIUDO BOVINO","LINGUA BOVINO KG",48.4,750,363,746,13900.72,55.88,47.68,47.68
1341,12614,"FRIOS TRANSFORMADOS","PEREC COMPLEMENTAR","FRIOS MANIPULADOS","FRIO ESPECIAL MANIPULADO","ROSBIFE MANIPULADO","PIG BEEF CERATTI FT",70.89,749,531,1166,6171.68,51.31,37.12,37.12
1341,12768,"FRIOS TRANSFORMADOS","PEREC COMPLEMENTAR","FRIOS MANIPULADOS","PRESUNTO MANIPULADO","PRESUNTO COZIDO MANIPULADO","PRES COZ GORD SADIA FAT         PCI",66.94,744,498,1327,8145.41,15.35,14.61,14.61
1341,12775,"FRIOS TRANSFORMADOS","PEREC COMPLEMENTAR","FRIOS MANIPULADOS","PRESUNTO MANIPULADO","PRESUNTO COZIDO MANIPULADO","PRES COZ MAGRO SADIA FAT",98.93,750,742,32479,203321.89,15.28,15.06,15.06
1341,1281,"CARNES E AVES","CARNES","AVES","AVES-RESFRIADAS","RESF - CORTES FRANGO GENERICO","COXA FRANGO RESF                  K",70.01,747,523,1484,10141.29,33.43,33.43,33.43
1341,1298,"CARNES E AVES","CARNES","BOVINOS","BOV-RESFRIADOS","RESF-BOVINO CORTE ESPECIAL","MAMINHA BOV RESF ESPECIAL        KG",40.93,750,307,604,25108.51,3.68,3.68,3.68
1341,12997,"FRIOS TRANSFORMADOS","PEREC COMPLEMENTAR","FRIOS MANIPULADOS","SALAME COPA E LOMBO MANIPULADO","SALAME MANIPULADO","SALAME HAMBURGUES SADIA FATIADO KG",78.67,750,590,3936,37629.59,15.63,26.24,12.76
1341,1304,"CARNES E AVES","CARNES","BOVINOS","BOV-RESFRIADOS","RESF-BOVINO CORTE ESPECIAL","MEDALHAO FILE MIGNOM BOV RESF    KG",59.33,745,442,1634,70818.76,13.5,13.5,6.34
1341,1311,"CARNES E AVES","CARNES","AVES","AVES-RESFRIADAS","RESF - CORTES FRANGO GENERICO","PEITO FGO C/OSSO RESF KG",80.51,749,603,4226,43552.23,15.44,26.39,15.44
1341,131124,"CARNES E AVES","CARNES","SUINOS E OUTROS","SUINOS-RESFRIADOS","RESF - CORTES SUINOS GENERICOS","COPA LOMBO SUINO RESF KG (CORTE)",92.27,750,692,5703,65917.97,31.62,84.07,31.62
1341,13116,"FRIOS TRANSFORMADOS","PEREC COMPLEMENTAR","FRIOS MANIPULADOS","SALAME COPA E LOMBO MANIPULADO","SALAME MANIPULADO","SALAME ITAL SADIA  FATIADO KG",87.33,750,655,7197,80437.22,46.35,43.94,43.94
1341,132145,"FRIOS TRANSFORMADOS","PEREC COMPLEMENTAR","FRIOS MANIPULADOS","LINGUICA MANIPULADA","LINGUICA SUINA MANIPULADA","LING CNE SUINA PERDIGAO GNEL",93.87,750,704,9151,108407.93,34.87,33.52,33.52
1341,1335,"FRIOS TRANSFORMADOS","PEREC COMPLEMENTAR","QUEIJOS MANIPULADOS","QUEIJO PRATO MANIPULADO","QUEIJO PRATO PEDACO MANIPULADO","QJ PRATO NAC PED KG",54.68,748,409,4840,76524.73,56.93,60.87,56.93
1341,139465,"FRIOS TRANSFORMADOS","PEREC COMPLEMENTAR","FRIOS MANIPULADOS","LINGUICA MANIPULADA","LINGUICA DE AVE MANIPULADA","LING FRANGO SADIA GNEL GNEL",75.27,748,563,2848,28057.41,116.92,67.7,67.7
1341,140195,"FRIOS TRANSFORMADOS","PEREC COMPLEMENTAR","FRIOS MANIPULADOS","FRIO ESPECIAL MANIPULADO","SALSICHA ESPECIAL MANIPULADA","SALS VIENA CERATTI GNEL",92.31,741,684,6403,51907.6,43.33,50.83,43.33
1341,142724,"FRIOS TRANSFORMADOS","PEREC COMPLEMENTAR","FRIOS MANIPULADOS","PRESUNTO MANIPULADO","PRESUNTO COZIDO MANIPULADO","PRES COZ MAGRO CERATTI FAT",83.85,749,628,4507,22734.32,48.1,41.98,41.98
1341,143745,"FRIOS TRANSFORMADOS","PEREC COMPLEMENTAR","QUEIJOS MANIPULADOS","QUEIJO MUSSARELA MANIPULADO","MUSSARELA FATIADA MANIPULADA","QA QJ MUSS QUALITA FAT",98.67,750,740,38024,308551.66,26.1,30.95,26.1
1341,143981,"FRIOS TRANSFORMADOS","PEREC COMPLEMENTAR","FRIOS MANIPULADOS","PRESUNTO MANIPULADO","APRESUNTADO MANIPULADO","APRESUNTADO PRIETO FAT",6.49,709,46,100,367.36,14.5,14.5,14.5
1341,14441,"CARNES E AVES","CARNES","SUINOS E OUTROS","SUINOS-RESFRIADOS","RESF - CORTES SUINOS GENERICOS","LOMBO SUINO FAMILIA RESF  KG",57.89,748,433,992,31845.14,26.37,60.66,22.01
1341,15035,"FRIOS TRANSFORMADOS","PEREC COMPLEMENTAR","QUEIJOS MANIPULADOS","QUEIJO MUSSARELA MANIPULADO","MUSSARELA FATIADA MANIPULADA","QJ MUSS TIROLEZ FAT",99.47,750,746,29795,285412.53,8.5,7.69,7.69
1341,15059,"FRIOS TRANSFORMADOS","PEREC COMPLEMENTAR","QUEIJOS MANIPULADOS","QUEIJO PRATO MANIPULADO","QUEIJO PRATO FATIADO MANIPULADO","QJ PRATO TIROLEZ FAT",99.47,750,746,17033,147940.98,8.16,6.36,6.36
1341,16087,"CARNES E AVES","CARNES","SUINOS E OUTROS","SUINOS-RESFRIADOS","RESF - CORTES SUINOS GENERICOS","LOMBO SUINO FATIADO RESF KG (CORTE)",85.07,750,638,4508,51954.19,21.57,19.02,19.02
1341,16339,"CARNES E AVES","CARNES","AVES","AVES-RESFRIADAS","RESF - CORTES FRANGO GENERICO","COXA C/SOBRECOXA FRANGO RESF     KG",78.8,750,591,3544,26302.08,55.78,44.57,44.57
1341,16759,"CARNES E AVES","CARNES","SUINOS E OUTROS","SUINOS-RESFRIADOS","RESF - CORTES SUINOS GENERICOS","PERNIL SUINO C/OSSO RESF (CORTE) KG",93.47,750,701,5817,98273.38,23.55,37.14,23.55
1341,16926,"CARNES E AVES","CARNES","SUINOS E OUTROS","SUINOS-RESFRIADOS","RESF - CORTES SUINOS GENERICOS","PERNIL SUINO ESPECIAL S/O KG CORTE",6.7,731,49,300,3138.37,21.59,29.18,21.59
1341,18449,"FRIOS TRANSFORMADOS","PEREC COMPLEMENTAR","QUEIJOS MANIPULADOS","QUEIJO MUSSARELA MANIPULADO","MUSSARELA FATIADA MANIPULADA","QJ MUCARELA IMP FAT KG",4.12,729,30,809,5567.83,9.62,32.57,9.62
1341,1854,"CARNES E AVES","CARNES","BOVINOS","BOV-RESFRIADOS","RESF-BOVINO CORTE ESPECIAL","RUMP STEAK ALCATRA BOV RESF KG",67.81,640,434,1627,21676.5,16.04,17.41,16.04
1341,19095,"FRIOS TRANSFORMADOS","PEREC COMPLEMENTAR","FRIOS MANIPULADOS","FRIO ESPECIAL MANIPULADO","MORTADELA ESPECIAL MANIPULADA","MORT C/PISTACHE CERATTI FAT",56.13,750,421,853,4226.7,16.11,14.91,14.91
1341,19125,"CARNES E AVES","CARNES","BOVINOS","BOV-RESFRIADOS","RESF-BOVNO BIFE","BIFE PATINHO BOV RESF FAMILIAR   KG",68.99,745,514,1402,58487.61,88.5,69.83,69.83
1341,1915,"CARNES E AVES","CARNES","BOVINOS","BOV-RESFRIADOS","RESF-BOVINO CORTE ESPECIAL","CARNE P/ STROGONOFF DE FILE MIGNON",64.21,746,479,1603,54334.57,8.26,10.4,8.26
1341,19422,"CARNES E AVES","CARNES","BOVINOS","BOV-RESFRIADOS","RESF-BOVNO BIFE","BIFE CX DURO BOV RESF FAMILIAR  KG",43.16,746,322,578,20128.14,36.56,30.9,27.99
1341,19934,"CARNES E AVES","CARNES","AVES","AVES-RESFRIADAS","RESF - CORTES ESPECIAIS FRANGO","COXA FGO S/PELE RESF GNEL KG",17.75,693,123,296,2155.41,23.06,22.51,22.51
1341,20336,"CARNES E AVES","CARNES","BOVINOS","BOV-RESFRIADOS","RESF-BOVNO BIFE","BIFE ALCATRA BOV RESF FAMILIAR   KG",82.35,748,616,2272,106840.34,66.84,37.31,37.31
1341,21111,"CARNES E AVES","CARNES","BOVINOS","BOV-RESFRIADOS","RESF-BOVNO BIFE","BIFE COXAO MOLE BOV RESF FAMILIAR K",72.35,745,539,1453,60308.54,39.08,30.37,30.37
1341,216760,"CARNES E AVES","CARNES","SUINOS E OUTROS","SUINOS-RESFRIADOS","RESF - CORTES SUINOS GENERICOS","CUBOS PERNIL SUINO RESF KG (CORTES)",45.23,745,337,690,6178.51,20.08,26.45,20.08
1341,216944,"CARNES E AVES","CARNES","AVES","AVES-RESFRIADAS","RESF - FRANGO INTEIRO","FRANGO INT CORTADO NA JUNTA RESF KG",3.92,664,26,31,565.35,32.56,34.45,32.56
1341,222945,"CARNES E AVES","CARNES","SUINOS E OUTROS","SUINOS-RESFRIADOS","RESF - CORTES SUINOS GENERICOS","PICANHA SUINA RESF KG (CORTE)",29.51,732,216,338,4695.4,11.39,11.39,11.39
1341,23986,"FRIOS TRANSFORMADOS","PEREC COMPLEMENTAR","FRIOS MANIPULADOS","FRIO ESPECIAL MANIPULADO","PRESUNTO COZIDO ESPECIAL MANIPULADO","PRES DEFUMADO KASSEL FT",32.22,748,241,436,2096.54,11.88,11.15,10.72
1341,24297,"FRIOS TRANSFORMADOS","PEREC COMPLEMENTAR","FRIOS MANIPULADOS","FRIO DE AVE MANIPULADO","PEITO DE AVE MANIPULADO","PEITO PERU DEF SADIA FAT",96.53,750,724,8503,56730.02,59.91,64.04,59.91
1341,244640,"CARNES E AVES","CARNES","AVES","AVES-RESFRIADAS","RESF - CORTES FRANGO TEMPERADO GENERICO","MEIO ASA FGO RESF TEMP KG",30.27,750,227,681,9818.76,48.28,58.92,48.28
1341,25645,"FRIOS TRANSFORMADOS","PEREC COMPLEMENTAR","FRIOS MANIPULADOS","FRIO DE AVE MANIPULADO","BLANQUET E TRANCHET MANIPULADO","BLANQUET PERU SADIA LIGHT FAT",89.6,750,672,4507,34910.57,28.21,28.21,28.21
1341,280822,"CARNES E AVES","CARNES","SUINOS E OUTROS","SUINOS-RESFRIADOS","RESF - CORTES SUINOS ESPECIAIS","COXAO DURO SUINO RESF KG (CORTE)",55.3,736,407,818,6302.09,21.12,17.2,17.2
1341,280860,"CARNES E AVES","CARNES","SUINOS E OUTROS","SUINOS-RESFRIADOS","RESF - CORTES SUINOS ESPECIAIS","COXAO MOLE SUINO RESF KG (CORTE)",67.3,740,498,1491,12257.16,37.79,32.29,32.29
1341,280877,"CARNES E AVES","CARNES","SUINOS E OUTROS","SUINOS-RESFRIADOS","RESF - CORTES SUINOS ESPECIAIS","ALCATRA SUINA RESF KG (CORTE)",47.28,734,347,698,7261.62,10.23,9.27,9.27
1341,280884,"CARNES E AVES","CARNES","SUINOS E OUTROS","SUINOS-RESFRIADOS","RESF - CORTES SUINOS ESPECIAIS","PATINHO SUINO RESF KG (CORTE)",54.14,737,399,796,7587.43,33.01,25.83,25.83
1341,28202,"CARNES E AVES","CARNES","AVES","AVES-RESFRIADAS","RESF - CORTES FRANGO GENERICO","COXINHA DA ASA FRANGO RESF KG",59.68,749,447,1535,14575.65,53.81,22.95,22.95
1341,287739,"FRIOS TRANSFORMADOS","PEREC COMPLEMENTAR","FRIOS MANIPULADOS","MORTADELA MANIPULADA","MORTADELA MANIPULADA","MORT DEFUMADA SADIA FAT MSD",76.77,749,575,3892,15712.14,31.92,29.49,29.49
1341,287944,"FRIOS TRANSFORMADOS","PEREC COMPLEMENTAR","QUEIJOS MANIPULADOS","QUEIJO PROVOLONE MANIPULADO","PROVOLONE FATIADO MANIPULADO","QJ PROV TIROLEZ PEDACOS",34.99,746,261,382,10358.44,4.01,6.62,4.01
1341,31240,"CARNES E AVES","CARNES","SUINOS E OUTROS","SUINOS-RESFRIADOS","RESF - CORTES SUINOS GENERICOS","FILE MIGNON SUINO RESF KG (CORTE)",76,750,570,2863,40716.21,47.1,48.19,47.1
1341,31813,"CARNES E AVES","CARNES","SUINOS E OUTROS","SUINOS-RESFRIADOS","RESF - CORTES SUINOS GENERICOS","BISTECA SUINA FAMILIA RESF       KG",42,750,315,652,14569.01,48.99,32.93,32.93
1341,32629,"FRIOS TRANSFORMADOS","PEREC COMPLEMENTAR","QUEIJOS MANIPULADOS","QUEIJO PRATO MANIPULADO","QUEIJO PRATO PEDACO MANIPULADO","QJ PRATO IMP PED KG",82.53,750,619,19353,260980.26,62.61,36.54,29.99
1341,34500,"FRIOS TRANSFORMADOS","PEREC COMPLEMENTAR","FRIOS MANIPULADOS","LINGUICA MANIPULADA","LINGUICA TOSCANA MANIPULADA","LING TOSCANA AURORA KG",95.6,750,717,13129,154780.24,27.85,25.2,20.87
1341,345538,"CARNES E AVES","CARNES","SUINOS E OUTROS","SUINOS-RESFRIADOS","RESF - CORTES SUINOS ESPECIAIS","BACON SUINO RESF KG (CORTE)",58,750,435,1422,10612.32,19.08,18.37,18.37
1341,345668,"CARNES E AVES","CARNES","SUINOS E OUTROS","SUINOS-RESFRIADOS","RESF - CORTES SUINOS GENERICOS","LAGARTO SUINO RESF KG (CORTE)",32.68,719,235,329,2937.42,17.95,18.68,17.95
1341,345989,"CARNES E AVES","CARNES","SUINOS E OUTROS","SUINOS-RESFRIADOS","RESF - CORTES SUINOS ESPECIAIS","ESCALOPE LOMBO SUINO RESF KG CORTE",13.77,726,100,179,1544.06,6.92,6.49,3.07
1341,352,"CARNES E AVES","CARNES","BOVINOS","BOV-RESFRIADOS","RESF-BOVINO CORTE ESPECIAL","BIFE PARA ROLE (CX DURO BOV RF) KG",34.86,720,251,568,14163.34,7.7,7.71,5.25
1341,357111,"FRIOS TRANSFORMADOS","PEREC COMPLEMENTAR","QUEIJOS MANIPULADOS","QUEIJO MUSSARELA MANIPULADO","MUSSARELA FATIADA MANIPULADA","QJ MUS FAMILIAR FAT",72.23,749,541,2646,80066.83,25.89,25.89,25.89
1341,36559,"CARNES E AVES","CARNES","BOVINOS","BOV-RESFRIADOS","RESF-BOVINO PECA","MAMINHA FORA DO VACUO BOV RESF KG",52.81,748,395,1211,34707.02,37.32,52.93,37.32
1341,366793,"FRIOS TRANSFORMADOS","PEREC COMPLEMENTAR","QUEIJOS MANIPULADOS","QUEIJO MUSSARELA MANIPULADO","MUSSARELA FATIADA MANIPULADA","QJ MUSS RALADA/FILETADA",65.29,749,489,2301,19675.1,27.27,38.47,27.27
1341,376,"CARNES E AVES","CARNES","BOVINOS","BOV-RESFRIADOS","RESF-BOVNO BIFE","CONTRA FILE BOV RESF BIFE        KG",72.33,748,541,6429,129679.13,4.82,5.15,4.82
1341,378055,"CARNES E AVES","CARNES","BOVINOS","BOV-RESFRIADOS","RESF-MIUDO BOVINO","MOCOTO BOVINO KG",54.27,750,407,783,9249.32,42.36,56.05,36.93
1341,39345,"FRIOS TRANSFORMADOS","PEREC COMPLEMENTAR","FRIOS MANIPULADOS","MORTADELA MANIPULADA","MORTADELA MANIPULADA","MORT CRY MARBA P/FATIAR",66.13,750,496,3148,10782.32,4.57,19.74,4.57
1341,40372,"FRIOS TRANSFORMADOS","PEREC COMPLEMENTAR","FRIOS MANIPULADOS","MORTADELA MANIPULADA","MORTADELA MANIPULADA","MORT BOLOGNA OURO PERDIGAO FAT MBB",90.8,750,681,9658,39511.77,180.4,31.11,31.11
1341,40648,"FRIOS TRANSFORMADOS","PEREC COMPLEMENTAR","QUEIJOS MANIPULADOS","QUEIJO FABRICACAO PROPRIA MANIPULADO","KIT QUEIJOS ESPECIAIS MANIPULADOS","KIT BOURSIN",1.22,736,9,10,299.9,11.2,8.78,7.63
1341,409476,"CARNES E AVES","CARNES","AVES","AVES-RESFRIADAS","RESF - CORTES FRANGO GENERICO","FILE DE PEITO FGO FAM KG",94.53,750,709,8588,218270.77,30.49,29.55,29.55
1341,409506,"CARNES E AVES","CARNES","AVES","AVES-RESFRIADAS","RESF - CORTES FRANGO GENERICO","PEITO FRANGO RESF FAMILIAR KG",94.13,750,706,7740,149492.74,20.51,29.22,19.05
1341,409520,"CARNES E AVES","CARNES","AVES","AVES-RESFRIADAS","RESF - CORTES FRANGO GENERICO","ASA DE FRANGO RESF FAMILIAR KG",66.27,750,497,1541,30017.98,71.46,78.16,71.46
1341,409568,"CARNES E AVES","CARNES","AVES","AVES-RESFRIADAS","RESF - CORTES FRANGO GENERICO","COXA C/SOBRECOXA FGO FAMILIAR KG",96.93,750,727,15652,243979.57,36.69,52.45,36.69
1341,41041,"CARNES E AVES","CARNES","BOVINOS","BOV-RESFRIADOS","RESF-BOVINO PEDACO","ALCATRA BOV RESF PEDACO          KG",55.21,748,413,7171,179067.54,11.83,9.54,9.54
1341,412575,"FRIOS TRANSFORMADOS","PEREC COMPLEMENTAR","QUEIJOS MANIPULADOS","QUEIJO MUSSARELA MANIPULADO","MUSSARELA PEDACO MANIPULADA","QJ MUCARELA IMP PED KG",90.4,750,678,40211,544130.03,17.1,18.43,17.1
1341,418492,"CARNES E AVES","CARNES","AVES","AVES-RESFRIADAS","RESF - CORTES FRANGO GENERICO","COXA FGO RESF FAMILIAR KG",42.97,740,318,1027,12655.95,45.92,38.67,38.67
1341,418508,"CARNES E AVES","CARNES","AVES","AVES-RESFRIADAS","RESF - CORTES FRANGO GENERICO","SOBRECOXA FGO RESF FAMILIAR KG",88.53,750,664,4852,86938.29,42.93,58.2,42.93
1341,418614,"CARNES E AVES","CARNES","SUINOS E OUTROS","SUINOS-RESFRIADOS","RESF - CORTES SUINOS ESPECIAIS","COROA SUINA RESF KG",6.21,435,27,42,1278.74,9.96,9.96,9.96
1341,420,"CARNES E AVES","CARNES","BOVINOS","BOV-RESFRIADOS","RESF-BOVINO CORTE ESPECIAL","BABY BEEF BOV RESF               KG",44.73,740,331,867,26541.86,12.51,18,12.51
1341,420556,"CARNES E AVES","CARNES","AVES","AVES-RESFRIADAS","RESF - CORTES FRANGO GENERICO","COXINHA DA ASA FGO RESF FAMILIAR KG",72.86,748,545,2545,44952.85,51.68,66.92,51.68
1341,42123,"FRIOS TRANSFORMADOS","PEREC COMPLEMENTAR","FRIOS MANIPULADOS","FRIO ESPECIAL MANIPULADO","MORTADELA ESPECIAL MANIPULADA","MORT C/AZEITONA CERATTI FT",54.47,749,408,815,3566.12,21.77,21.99,12.19
1341,42338,"FRIOS TRANSFORMADOS","PEREC COMPLEMENTAR","FRIOS MANIPULADOS","FRIO ESPECIAL MANIPULADO","MORTADELA ESPECIAL MANIPULADA","MORT C/PICLES CERATTI FATIADA 201",54.27,750,407,928,4342.23,12.15,9.43,9.43
1341,42659,"CARNES E AVES","CARNES","SUINOS E OUTROS","SUINOS-RESFRIADOS","RESF - CORTES SUINOS GENERICOS","BARRIGA SUINA RESF KG (CORTE)",93.33,750,700,4864,56381.91,28.95,21.42,21.42
1341,435994,"CARNES E AVES","CARNES","SUINOS E OUTROS","SUINOS-RESFRIADOS","RESF - CORTES SUINOS ESPECIAIS","MEDALHAO FILE SUINO RESF KG CORTE",13.91,719,100,181,2231.92,13.77,14.62,6.53
1341,44189,"CARNES E AVES","CARNES","BOVINOS","BOV-RESFRIADOS","RESF-BOVINO PEDACO","CONTRA FILE BOV RESF PEDACO      KG",43.47,743,323,4313,145057.26,31.88,24.2,21.53
1341,44349,"CARNES E AVES","CARNES","BOVINOS","BOV-RESFRIADOS","RESF-BOVINO PEDACO","COXAO MOLE BOV PEDACO            KG",78.5,749,588,14197,328624.84,43.06,31.38,31.38
1341,444,"CARNES E AVES","CARNES","BOVINOS","BOV-RESFRIADOS","RESF-BOVINO CORTE ESPECIAL","BIFE PARIS BOV RESF              KG",37,627,232,820,11552.37,2.2,0.11,0.11
1341,44455,"CARNES E AVES","CARNES","BOVINOS","BOV-RESFRIADOS","RESF-BOVINO PECA","FRALDINHA FORA DO VACUO BOV RESF KG",8.97,725,65,122,2337.15,14.16,16.58,14.16
1341,447713,"CARNES E AVES","CARNES","SUINOS E OUTROS","SUINOS-RESFRIADOS","RESF - CORTES SUINOS ESPECIAIS","ESCALOPE FILE SUINO RESF KG CORTE",20.47,723,148,292,2203.33,18.67,15.74,15.74
1341,44912,"CARNES E AVES","CARNES","BOVINOS","BOV-RESFRIADOS","RESF-BOVINO PEDACO","PATINHO BOV RESF PEDACO          KG",75.43,749,565,7854,186786.68,61.4,31.41,31.41
1341,46060,"CARNES E AVES","CARNES","BOVINOS","BOV-RESFRIADOS","RESF-BOVINO PEDACO","LAGARTO BOV RESF PEDACO          KG",81.07,750,608,5896,154329.82,26.36,41.62,26.36
1341,465632,"CARNES E AVES","CARNES","BOVINOS","BOV-RESFRIADOS","RUBIA GALLEGA","RG FILE MIGNON NOVILHO BIFE",31.5,746,235,1346,55315.39,4.69,12.17,4.69
1341,465656,"CARNES E AVES","CARNES","BOVINOS","BOV-RESFRIADOS","RUBIA GALLEGA","RG ALCATRA NOVILHO BIFE",53.34,748,399,3835,84741.67,10.06,14.29,10.06
1341,465670,"CARNES E AVES","CARNES","BOVINOS","BOV-RESFRIADOS","RUBIA GALLEGA","RG CONTRA FILE NOVILHO BIFE",62.78,747,469,7051,173095.62,11.64,0.09,0.09
1341,465694,"CARNES E AVES","CARNES","BOVINOS","BOV-RESFRIADOS","RUBIA GALLEGA","RG FRALDINHA NOVILHO PEDACO",6.93,693,48,189,3733.86,6.28,14.29,6.28
1341,465717,"CARNES E AVES","CARNES","BOVINOS","BOV-RESFRIADOS","RUBIA GALLEGA","RG COXAO DURO NOVILHO BIFE",51.35,742,381,4997,99327.97,48.06,102.39,48.06
1341,465762,"CARNES E AVES","CARNES","BOVINOS","BOV-RESFRIADOS","RUBIA GALLEGA","RG MAMINHA NOVILHO TRADICIONAL",32.12,741,238,726,15283.23,14.29,14.42,14.29
1341,465786,"CARNES E AVES","CARNES","BOVINOS","BOV-RESFRIADOS","RUBIA GALLEGA","RG COXAO MOLE NOVILHO BIFE",45.89,730,335,4857,96869.78,36.21,30.23,30.23
1341,465816,"CARNES E AVES","CARNES","BOVINOS","BOV-RESFRIADOS","RUBIA GALLEGA","RG LAGARTO NOVILHO BIFE",26.87,748,201,1237,30766.11,0.06,14.29,0.06
1341,465823,"CARNES E AVES","CARNES","BOVINOS","BOV-RESFRIADOS","RUBIA GALLEGA","RG PATINHO NOVILHO BIFE",45.63,743,339,4044,79003.33,28.3,72.55,28.3
1341,465830,"CARNES E AVES","CARNES","BOVINOS","BOV-RESFRIADOS","RUBIA GALLEGA","RG MUSCULO NOVILHO PEDACO",76.78,732,562,4638,91953.14,85.42,76.24,76.24
1341,465854,"CARNES E AVES","CARNES","BOVINOS","BOV-RESFRIADOS","RUBIA GALLEGA","RG ACEM NOVILHO MIOLO",28.42,739,210,2890,53150.53,45.39,45.39,45.39
1341,465861,"CARNES E AVES","CARNES","BOVINOS","BOV-RESFRIADOS","RUBIA GALLEGA","RG PALETA NOVILHO MIOLO",31.02,735,228,2576,48220.03,32.32,146.96,32.32
1341,465960,"CARNES E AVES","CARNES","BOVINOS","BOV-RESFRIADOS","RUBIA GALLEGA","RG PEITO BOV RESF KG",15.71,643,101,689,12974.36,31.49,40.12,18.79
1341,465977,"CARNES E AVES","CARNES","BOVINOS","BOV-RESFRIADOS","RUBIA GALLEGA","RG CAPA DE FILE NOVILHO PEDACO",10.82,684,74,711,14172.08,39.67,39.67,14.97
1341,46930,"CARNES E AVES","CARNES","BOVINOS","BOV-RESFRIADOS","RESF-BOVINO PEDACO","FRALDINHA BOV RESF PEDACO        KG",1.67,299,5,5,162.31,8.1,8.1,8.1
1341,471053,"FRIOS TRANSFORMADOS","PEREC COMPLEMENTAR","FRIOS MANIPULADOS","LINGUICA MANIPULADA","LINGUICA TOSCANA MANIPULADA","LING TOSC NABRASA PERDIGAO GNEL KG",36.41,747,272,1950,22450.91,32.68,27.53,27.53
1341,471114,"CARNES E AVES","CARNES","AVES","AVES-RESFRIADAS","RESF - CORTES FRANGO TEMPERADO GENERICO","FILE DE PEITO FGO TEMP RESF KG",45.58,735,335,1158,12025.32,25.8,32.53,25.8
1341,471121,"CARNES E AVES","CARNES","AVES","AVES-RESFRIADAS","RESF - CORTES FRANGO TEMPERADO GENERICO","FGO PASSARINHO TEMP RESF KG",30.43,723,220,536,5451.01,25.4,26.16,25.4
1341,471138,"CARNES E AVES","CARNES","AVES","AVES-RESFRIADAS","RESF - CORTES FRANGO TEMPERADO GENERICO","DRUMET FGO TEMP RESF KG",34.54,744,257,622,7951.92,44.31,39.23,39.23
1341,471145,"CARNES E AVES","CARNES","AVES","AVES-RESFRIADAS","RESF - CORTES FRANGO TEMPERADO GENERICO","SOBRECOXA FGO TEMP RESF KG",33.7,721,243,502,4991.44,32.6,29.45,29.45
1341,47197,"CARNES E AVES","CARNES","BOVINOS","BOV-RESFRIADOS","RESF-BOVINO CORTE ESPECIAL","BIFE CHORIZO CONTRA FILE RESF     K",11.49,618,71,124,2830.85,11.68,12.99,4.62
1341,473217,"CARNES E AVES","CARNES","BOVINOS","BOV-RESFRIADOS","RUBIA GALLEGA","CG FILE MIGNON NOVILHO EXTRA LIMPO",71.83,749,538,3263,163361.47,17.74,17.8,17.74
1341,473224,"CARNES E AVES","CARNES","BOVINOS","BOV-RESFRIADOS","RUBIA GALLEGA","CG FILE MIGNON NOVILHO MEDALHAO",61.73,750,463,1688,70598.5,17.26,15.4,15.4
1341,473231,"CARNES E AVES","CARNES","BOVINOS","BOV-RESFRIADOS","RUBIA GALLEGA","CG FILE MIGNON NOVILHO STROGONOFF",62.6,746,467,1332,38516.48,38.9,44.03,38.9
1341,473248,"CARNES E AVES","CARNES","BOVINOS","BOV-RESFRIADOS","RUBIA GALLEGA","CG FILE MIGNON NOVILHO ESCALOPE",57.45,745,428,1451,34706.76,33.98,63.41,33.98
1341,473279,"CARNES E AVES","CARNES","BOVINOS","BOV-RESFRIADOS","RUBIA GALLEGA","RG CONTRA FILE NOVILHO ESPECIAL",14.41,715,103,184,4071.1,20.11,19.41,19.41
1341,473293,"CARNES E AVES","CARNES","BOVINOS","BOV-RESFRIADOS","RUBIA GALLEGA","RG CONTRA FILE NOVILHO P/ CHURRASCO",45.22,732,331,652,14842.12,19.69,25.01,19.69
1341,473316,"CARNES E AVES","CARNES","BOVINOS","BOV-RESFRIADOS","RUBIA GALLEGA","RG ALCATRA NOVILHO BOMBOM",72.8,750,546,1778,38490.87,25.76,25.54,23.59
1341,473323,"CARNES E AVES","CARNES","BOVINOS","BOV-RESFRIADOS","RUBIA GALLEGA","RG ALCATRA NOVILHO STROGONOFF",77.73,750,583,1941,41290.78,24.83,24.83,22.75
1341,473330,"CARNES E AVES","CARNES","BOVINOS","BOV-RESFRIADOS","RUBIA GALLEGA","RG ALCATRA NOVILHO BABY BEEF",73.47,750,551,2259,49994.34,29.25,24.26,24.26
1341,489584,"FRIOS TRANSFORMADOS","PEREC COMPLEMENTAR","FRIOS MANIPULADOS","FRIO ESPECIAL MANIPULADO","ROSBIFE MANIPULADO","PIG BEEF AZEITONA CERATTI FAT",44.19,740,327,560,2702.32,15.66,14.45,14.45
1341,494595,"FRIOS TRANSFORMADOS","PEREC COMPLEMENTAR","FRIOS MANIPULADOS","MORTADELA MANIPULADA","MORTADELA TUBULAR MANIPULADA","MORTADELA DEFUMADA MARBA FAT",47.2,733,346,2346,7908,10.17,14.46,10.17
1341,49771,"FRIOS TRANSFORMADOS","PEREC COMPLEMENTAR","FRIOS MANIPULADOS","FRIO ESPECIAL MANIPULADO","MORTADELA ESPECIAL MANIPULADA","MORT BOLOGNA TRADICIONAL CERATTI FT",88.8,750,666,3752,25531.65,18.68,20.92,16.28
1341,5029,"CARNES E AVES","CARNES","AVES","AVES-RESFRIADAS","RESF - CORTES FRANGO GENERICO","FILE DE PEITO FGO RESF KG",91.47,750,686,6498,65329.41,27.06,29.47,27.06
1341,50371,"CARNES E AVES","CARNES","BOVINOS","BOV-RESFRIADOS","RESF-BOVINO PEDACO","CAPA FILE BOV RESF PEDACO        KG",36.16,744,269,1414,26599.35,23.78,19,19
1341,51705,"CARNES E AVES","CARNES","AVES","AVES-RESFRIADAS","RESF - CORTES FRANGO GENERICO","SOBRECOXA FGO RESF GNEL KG (PCTE)",9.92,746,74,245,2744.41,16.39,14.26,14.26
1341,52375,"CARNES E AVES","CARNES","BOVINOS","BOV-RESFRIADOS","RESF-BOVINO PEDACO","COXAO DURO BOV RESF PEDACO       KG",70.76,749,530,5967,130238.77,15.72,15.43,15.43
1341,52542,"CARNES E AVES","CARNES","BOVINOS","BOV-RESFRIADOS","RESF-BOVINO PEDACO","ACEM BOV RESF PEDACO             KG",75.97,749,569,9481,178767.66,5.78,28.6,5.78
1341,52559,"CARNES E AVES","CARNES","BOVINOS","BOV-RESFRIADOS","RESF-BOVINO CORTE ESPECIAL","BIFE ESPECIAL CONTRA FILE RESF    K",3.91,511,20,36,705.48,6.36,6.36,6.36
1341,536,"CARNES E AVES","CARNES","BOVINOS","BOV-RESFRIADOS","RESF-BOVINO CORTE ESPECIAL","CARNE P/ MOLHO BOV RESF          KG",39.25,744,292,1250,24849.17,9.85,6.95,6.95
1341,54270,"CARNES E AVES","CARNES","SUINOS E OUTROS","SUINOS-RESFRIADOS","RESF - CORTES SUINOS GENERICOS","BARRIGA SUINA RESF               KG",2.26,664,15,44,573.38,0.67,3.1,0.67
1341,54294,"CARNES E AVES","CARNES","SUINOS E OUTROS","SUINOS-RESFRIADOS","RESF - CORTES SUINOS GENERICOS","JOELHO SUINO RESF                KG",49.93,749,374,668,8118.9,11.88,30.69,11.88
1341,54300,"CARNES E AVES","CARNES","SUINOS E OUTROS","SUINOS-RESFRIADOS","RESF - CORTES SUINOS GENERICOS","PALETA SUINA C/OSSO RESF         KG",0.74,408,3,3,53.18,14.29,14.29,14.29
1341,54690,"CARNES E AVES","CARNES","BOVINOS","BOV-RESFRIADOS","RESF-BOVINO CORTE ESPECIAL","BIFE PANELA BOV RESF             KG",35.66,558,199,558,4817.89,8.53,8.53,7.42
1341,5678,"CARNES E AVES","CARNES","BOVINOS","BOV-RESFRIADOS","RESF-BOVINO CORTE ESPECIAL","CONTRA FILE BOV RESF ESPECIAL    KG",1.98,202,4,4,103.68,14.39,14.39,14.39
1341,56854,"CARNES E AVES","CARNES","BOVINOS","BOV-RESFRIADOS","RESF-BOVNO BIFE","MAMINHA BOV RESF BIFE            KG",57.73,750,433,1871,25245.62,10.78,10.61,10.61
1341,57059,"FRIOS TRANSFORMADOS","PEREC COMPLEMENTAR","FRIOS MANIPULADOS","FRIO DE AVE MANIPULADO","PEITO DE AVE MANIPULADO","PEITO PERU DEF SADIA S/C FT",97.07,750,728,19336,181390.71,10.04,15.86,7.9
1341,57288,"FRIOS TRANSFORMADOS","PEREC COMPLEMENTAR","FRIOS MANIPULADOS","FRIO ESPECIAL MANIPULADO","ESPECIALIDADE SUINO MANIPULADO","COPA DEFUMADA KASSEL FT",43.79,749,328,720,3939.26,7.23,5.94,5.94
1341,5951,"FRIOS TRANSFORMADOS","PEREC COMPLEMENTAR","QUEIJOS MANIPULADOS","QUEIJO MUSSARELA MANIPULADO","MUSSARELA FATIADA MANIPULADA","QJ MUCARELA NAC FAT KG",10.69,739,79,390,3142.61,3.59,7.39,3.59
1341,59985,"CARNES E AVES","CARNES","BOVINOS","BOV-RESFRIADOS","RESF-BOVINO PEDACO","PALETA BOV RESF PEDACO           KG",74.1,749,555,8266,155612.15,14.52,14.3,14.3
1341,60066,"CARNES E AVES","CARNES","BOVINOS","BOV-RESFRIADOS","RESF-BOVINO PEDACO","PEITO BOV RESF PEDACO            KG",35.33,736,260,1075,18702.7,3.47,17.27,3.47
1341,61179,"FRIOS TRANSFORMADOS","PEREC COMPLEMENTAR","QUEIJOS MANIPULADOS","QUEIJO PRATO MANIPULADO","QUEIJO PRATO FATIADO MANIPULADO","QJ PRATO NAC FAT KG",41.66,749,312,1457,10456.26,44.41,44.41,44.41
1341,61315,"CARNES E AVES","CARNES","BOVINOS","BOV-RESFRIADOS","RESF-BOVINO CORTE ESPECIAL","CARNE P/ STROGONOFF DE ALCATRA",52.95,746,395,1288,24483.59,16.83,16.83,16.83
1341,61643,"CARNES E AVES","CARNES","BOVINOS","BOV-RESFRIADOS","RESF-BOVNO BIFE","PICANHA BOV RESF BIFE            KG",22.28,718,160,342,8238.54,8.54,7.97,7.97
1341,617987,"FRIOS TRANSFORMADOS","PEREC COMPLEMENTAR","FRIOS MANIPULADOS","FRIO ESPECIAL MANIPULADO","SALSICHAO MANIPULADO","SALSICHAO C/PICLES CERATTI FT",56.67,750,425,932,4052.26,30.04,39.74,30.04
1341,62572,"CARNES E AVES","CARNES","SUINOS E OUTROS","SUINOS-RESFRIADOS","RESF - CORTES SUINOS GENERICOS","BISTECA SUINA RESF KG (CORTE)",79.57,749,596,3999,42276,15.52,16.38,15.52
1341,62749,"CARNES E AVES","CARNES","BOVINOS","BOV-RESFRIADOS","RESF-BOVINO PEDACO","MIOLO ACEM BOV RESF              KG",0.28,702,2,5,75.36,Inf,Inf,14.29
1341,63173,"CARNES E AVES","CARNES","AVES","AVES-RESFRIADAS","RESF - CORTES ESPECIAIS FRANGO","PEITO FGO RESF S/PELE KG",66.36,749,497,2440,27045.16,46.51,40.82,40.82
1341,63210,"CARNES E AVES","CARNES","AVES","AVES-RESFRIADAS","RESF - CORTES ESPECIAIS FRANGO","STROGONOFF DE FILE FRANGO RESF   KG",91.2,750,684,3705,42095.94,45.99,41.13,41.13
1341,63357,"CARNES E AVES","CARNES","AVES","AVES-RESFRIADAS","RESF - CORTES ESPECIAIS FRANGO","SOBRECOXA FGO S/PELE RESF GNEL COXA",58.38,740,432,1251,14077.23,32.86,35.73,32.86
1341,65795,"CARNES E AVES","CARNES","SUINOS E OUTROS","SUINOS-RESFRIADOS","RESF - CORTES SUINOS GENERICOS","PALETA SUINA C/OSSO RESF KG (CORTE)",66.13,750,496,2333,33183.58,42.64,66.35,42.64
1341,66136,"FRIOS TRANSFORMADOS","PEREC COMPLEMENTAR","FRIOS MANIPULADOS","MORTADELA MANIPULADA","MORTADELA MANIPULADA","MORT BOLOGNELLA PERDIGAO FAT",96.53,749,723,18052,59784.5,21.39,26.16,21.39
1341,6668,"CARNES E AVES","CARNES","AVES","AVES-RESFRIADAS","RESF - CORTES FRANGO GENERICO","ASA FRANGO RESF                  KG",54.47,749,408,1265,13034.18,44.84,34.69,34.69
1341,68765,"FRIOS TRANSFORMADOS","PEREC COMPLEMENTAR","QUEIJOS MANIPULADOS","QUEIJO MUSSARELA MANIPULADO","MUSSARELA PEDACO MANIPULADA","QJ MUCARELA NAC PED KG",92.8,750,696,38144,594782.32,9.37,11.72,9.37
1341,70942,"FRIOS TRANSFORMADOS","PEREC COMPLEMENTAR","FRIOS MANIPULADOS","PRESUNTO MANIPULADO","PRESUNTO COZIDO MANIPULADO","PRES COZ MAGRO SEARA FAT",87.6,750,657,19124,108572.51,9.34,8.79,8.79
1341,73486,"FRIOS TRANSFORMADOS","PEREC COMPLEMENTAR","FRIOS MANIPULADOS","SALAME COPA E LOMBO MANIPULADO","LOMBO MANIPULADO","LOMBO DEF SEARA FAT            6220",76.4,750,573,1777,7173.72,17.02,14.6,14.6
1341,73653,"CARNES E AVES","CARNES","BOVINOS","BOV-RESFRIADOS","RESF-BOVINO CORTE ESPECIAL","BOMBOM ALCATRA RESF               K",33.03,554,183,601,11571.83,22.17,21.03,14.49
1341,74209,"FRIOS TRANSFORMADOS","PEREC COMPLEMENTAR","QUEIJOS MANIPULADOS","QUEIJO MUSSARELA MANIPULADO","MUSSARELA FATIADA MANIPULADA","QJ MUSSARELA LIGHT BALKIS FATIADO",44.14,700,309,903,7566.8,13.64,13.39,13.39
1341,74667,"CARNES E AVES","CARNES","AVES","AVES-RESFRIADAS","RESF - CORTES FRANGO GENERICO","SOBRECOXA FGO RESF GNEL KG (COXA)KG",74.27,750,557,2516,21952.18,21.86,20.78,20.78
1341,76395,"FRIOS TRANSFORMADOS","PEREC COMPLEMENTAR","QUEIJOS MANIPULADOS","QUEIJO PROVOLONE MANIPULADO","PROVOLONE FATIADO MANIPULADO","QJ PROV FATIADO C/CASCA",3.01,332,10,10,85.85,42.86,42.86,31.1
1341,77224,"CARNES E AVES","CARNES","BOVINOS","BOV-RESFRIADOS","RESF-BOVNO BIFE","BIFE COXAO MOLE BOV RESF     KG",65.23,719,469,3907,58505.45,13.15,10.86,10.86
1341,77231,"CARNES E AVES","CARNES","BOVINOS","BOV-RESFRIADOS","RESF-BOVNO BIFE","ALCATRA BOV RESF BIFE            KG",67.3,737,496,4965,86545.54,7.01,9.74,6.8
1341,77392,"CARNES E AVES","CARNES","BOVINOS","BOV-RESFRIADOS","RESF-BOVNO BIFE","PATINHO BOV RESF BIFE            KG",60.31,708,427,2697,39856.92,5.35,1.66,1.66
1341,77453,"CARNES E AVES","CARNES","BOVINOS","BOV-RESFRIADOS","RESF-BOVNO BIFE","BIFE C FILE BOV RES FAMILIAR     KG",84.91,749,636,2434,123314.92,46.05,96.58,46.05
1341,77521,"FRIOS TRANSFORMADOS","PEREC COMPLEMENTAR","QUEIJOS MANIPULADOS","QUEIJO MUSSARELA MANIPULADO","MUSSARELA FATIADA MANIPULADA","QJ MUSSARELA TIROLEZ LIGHT FATIADO",98.53,750,739,6416,90016.05,58.61,54.68,50.62
1341,77910,"FRIOS TRANSFORMADOS","PEREC COMPLEMENTAR","QUEIJOS MANIPULADOS","QUEIJO PRATO MANIPULADO","QUEIJO PRATO FATIADO MANIPULADO","QJ PRATO TIROLEZ LIGHT FATIADO",66.93,747,500,1219,14276.38,18.67,16.94,16.94
1341,78788,"CARNES E AVES","CARNES","AVES","AVES-RESFRIADAS","RESF - CORTES ESPECIAIS FRANGO","COXA SCOXA FGO S/PELE RESF KG",13.64,682,93,159,1511.07,19.82,13.47,13.47
1341,789,"CARNES E AVES","CARNES","BOVINOS","BOV-RESFRIADOS","RESF-MIUDO BOVINO","RABADA BOVINO  KG",87.58,749,656,4375,129956.79,20.15,32.37,20.15
1341,80095,"FRIOS TRANSFORMADOS","PEREC COMPLEMENTAR","FRIOS MANIPULADOS","FRIO ESPECIAL MANIPULADO","ESPECIALIDADE SUINO MANIPULADO","PALETA DEFUMADA CERATTI FAT",81.85,744,609,1979,7114.82,42.32,41.15,41.15
1341,80132,"FRIOS TRANSFORMADOS","PEREC COMPLEMENTAR","FRIOS MANIPULADOS","FRIO ESPECIAL MANIPULADO","ESPECIALIDADE SUINO MANIPULADO","LOMBO CONDIMENTADO CERATTI FT",43.74,743,325,497,6006.24,7.42,6.41,6.41
1341,802,"CARNES E AVES","CARNES","BOVINOS","BOV-RESFRIADOS","RESF-MIUDO BOVINO","CORACAO BOVINO   KG",41.52,749,311,470,3932.22,17.73,17.43,17.43
1341,80347,"CARNES E AVES","CARNES","BOVINOS","BOV-RESFRIADOS","RESF-BOVINO CORTE ESPECIAL","LAGARTO BOVINO RESF EXTRA LIMPO KG",18.98,664,126,284,9954.26,9.42,4.71,3.49
1341,81641,"CARNES E AVES","CARNES","BOVINOS","BOV-RESFRIADOS","RESF-BOVNO BIFE","COXAO DURO BOV RESF BIFE         KG",47.67,707,337,972,11948.15,18.85,14.86,14.86
1341,82587,"CARNES E AVES","CARNES","BOVINOS","BOV-RESFRIADOS","RESF-BOVINO CORTE ESPECIAL","CARNE P/ STROGONOFF DE COXAO MOLE",45.33,750,340,1892,33840.89,9.53,7.62,7.62
1341,826,"CARNES E AVES","CARNES","BOVINOS","BOV-RESFRIADOS","RESF-MIUDO BOVINO","BUCHO BOVINO  KG",85.18,749,638,2104,30561.53,27.58,33.95,18.96
1341,8280,"CARNES E AVES","CARNES","BOVINOS","BOV-RESFRIADOS","RESF-BOVINO PEDACO","MUSCULO BOV RESF PEDACO          KG",13.59,699,95,234,4790.97,10.04,9.99,9.99
1341,83379,"CARNES E AVES","CARNES","BOVINOS","BOV-RESFRIADOS","RESF-BOVINO CORTE ESPECIAL","BIFE PALHA LAGARTO BOV RESF KG",10.48,477,50,90,1032.59,9.06,9.06,9.06
1341,83478,"FRIOS TRANSFORMADOS","PEREC COMPLEMENTAR","FRIOS MANIPULADOS","LINGUICA MANIPULADA","LINGUICA DE AVE MANIPULADA","LINGUICA FRANGO PERDIGAO    KG",35.4,743,263,587,6881.47,45.56,27.79,27.79
1341,8440,"FRIOS TRANSFORMADOS","PEREC COMPLEMENTAR","FRIOS MANIPULADOS","FRIO ESPECIAL MANIPULADO","PRESUNTO COZIDO ESPECIAL MANIPULADO","PRES ROYALE SADIA FAT PTOP P",63.07,750,473,1286,13692.85,20.82,20.82,20.82
1341,84987,"FRIOS TRANSFORMADOS","PEREC COMPLEMENTAR","QUEIJOS MANIPULADOS","QUEIJO PRATO MANIPULADO","QUEIJO PRATO FATIADO MANIPULADO","QJ PRATO LIGHT BALKIS FATIADO",36.05,749,270,575,4076.92,19.76,19.48,15
1341,84994,"FRIOS TRANSFORMADOS","PEREC COMPLEMENTAR","FRIOS MANIPULADOS","FRIO ESPECIAL MANIPULADO","MORTADELA ESPECIAL MANIPULADA","MORT BAMBINA CERATTI FATIADA",88.93,750,667,5770,19587.15,39.02,49.86,39.02
1341,85601,"CARNES E AVES","CARNES","AVES","AVES-RESFRIADAS","RESF - CORTES ESPECIAIS FRANGO","SOBRECOXA FGO S/PELE RESF KG (PCTE)",3.76,505,19,40,543.96,13.49,13.49,13.49
1341,87247,"CARNES E AVES","CARNES","AVES","AVES-RESFRIADAS","RESF - FRANGO INTEIRO","FRANGO RESF (METADE)              K",18.67,739,138,293,2660.01,29.49,36.23,29.49
1341,88718,"CARNES E AVES","CARNES","BOVINOS","BOV-RESFRIADOS","RESF-BOVINO CORTE ESPECIAL","BIFE A MILANESA PATINHO BOV RESF KG",12.28,692,85,231,2545.59,6.91,6.91,6.91
1341,888,"CARNES E AVES","CARNES","BOVINOS","BOV-RESFRIADOS","RESF-MIUDO BOVINO","BIFE FIGADO BOVINO   KG",94.13,750,706,9146,61993.31,25.29,25.47,25.29
1341,89135,"CARNES E AVES","CARNES","BOVINOS","BOV-RESFRIADOS","RESF-BOVINO CORTE ESPECIAL","CUBOS DE COXAO DURO BOV RESF      K",71.16,749,533,1649,31287.23,22.1,21.91,21.91
1341,89326,"CARNES E AVES","CARNES","BOVINOS","BOV-RESFRIADOS","RESF-BOVINO CORTE ESPECIAL","PEIXINHO ESPECIAL BOV RESF       KG",20.84,739,154,243,6039.21,6.59,6.59,6.59
1341,89586,"FRIOS TRANSFORMADOS","PEREC COMPLEMENTAR","FRIOS MANIPULADOS","LINGUICA MANIPULADA","LINGUICA TOSCANA MANIPULADA","LING TOSCANA SEARA GNEL KG     9288",78.13,750,586,3184,37451.39,20.96,80.89,20.96
1341,901,"CARNES E AVES","CARNES","BOVINOS","BOV-RESFRIADOS","RESF-BOVINO CORTE ESPECIAL","FILE MIGNON BOV EXTRA LIMPO RESF KG",71.62,747,535,3239,202420.47,27.89,23.67,22.46
1341,92326,"FRIOS TRANSFORMADOS","PEREC COMPLEMENTAR","FRIOS MANIPULADOS","LINGUICA MANIPULADA","LINGUICA TOSCANA MANIPULADA","LING TOSCANA SADIA               KG",99.2,750,744,16916,204498.23,20.31,22.03,20.31
1341,92388,"CARNES E AVES","CARNES","AVES","AVES-RESFRIADAS","RESF - CORTES ESPECIAIS FRANGO","CUBOS DE PEITO FGO RESF P/FONDU  KG",16.8,732,123,300,3488.34,29.56,15.91,15.91
1341,95877,"CARNES E AVES","CARNES","AVES","AVES-RESFRIADAS","RESF - CORTES ESPECIAIS FRANGO","BIFE DE FILE DE FRANGO RESF      KG",58.13,750,436,1749,15357.89,20.7,25.32,20.7
1341,9638,"FRIOS TRANSFORMADOS","PEREC COMPLEMENTAR","FRIOS MANIPULADOS","PRESUNTO MANIPULADO","APRESUNTADO MANIPULADO","APRESUNTADO SADIA FAT APRN",75.6,750,567,1916,7043.88,15.18,12.1,12.1
1341,97314,"CARNES E AVES","CARNES","BOVINOS","BOV-RESFRIADOS","RESF-BOVINO CORTE ESPECIAL","CUBOS FILE MIGNON                 K",6.07,676,41,55,1635.04,9.79,9.79,9.79
1341,98076,"CARNES E AVES","CARNES","BOVINOS","BOV-RESFRIADOS","RUBIA GALLEGA","RG PICANHA NOVILHO BIFE",42.27,750,317,972,25502.14,11.52,62.01,11.08
1341,98243,"FRIOS TRANSFORMADOS","PEREC COMPLEMENTAR","FRIOS MANIPULADOS","PRESUNTO MANIPULADO","APRESUNTADO MANIPULADO","APRESUNTADO SEARA",72.8,750,546,2178,8035.8,53.98,25.67,25.67
1341,99479,"CARNES E AVES","CARNES","SUINOS E OUTROS","SUINOS-RESFRIADOS","RESF - CORTES SUINOS GENERICOS","COSTELA SUINA FAMILIA RESF       KG",93.47,750,701,6131,156134.45,16.11,26.86,16.11
1341,994996,"FRIOS TRANSFORMADOS","PEREC COMPLEMENTAR","FRIOS MANIPULADOS","SALSICHA MANIPULADA","SALSICHA HOT DOG E VIENA MANIPULADA","SALS HOT DOG PERDIGAO GNEL SHG   KG",98,750,735,19024,99744.76,10.17,11.8,10.17
1341,995795,"CARNES E AVES","CARNES","BOVINOS","BOV-RESFRIADOS","RESF-BOVINO CORTE ESPECIAL","SCALOPE FILE MIGNON BOV RESF     KG",42.28,745,315,1071,24782.49,9.75,9.75,9.75
1717,10191,"CARNES E AVES","CARNES","SUINOS E OUTROS","SUINOS-RESFRIADOS","RESF - CORTES SUINOS GENERICOS","COSTELA SUINA FATIADA RESF KG CORTE",91.73,750,688,6172,126743.11,42.76,33.63,33.63
1717,10238,"FRIOS TRANSFORMADOS","PEREC COMPLEMENTAR","FRIOS MANIPULADOS","SALAME COPA E LOMBO MANIPULADO","COPA MANIPULADA","CARNE RESF SUINA COPA FAT",61.55,749,461,1365,17707.65,13.86,13.11,13.11
1717,10528,"CARNES E AVES","CARNES","SUINOS E OUTROS","SUINOS-RESFRIADOS","RESF - CORTES SUINOS GENERICOS","COSTELA SUINA RESF KG (CORTES)",95.47,750,716,7245,141230.12,96.9,80.46,80.46
1717,10924,"FRIOS TRANSFORMADOS","PEREC COMPLEMENTAR","FRIOS MANIPULADOS","LINGUICA MANIPULADA","LINGUICA DE AVE MANIPULADA","LING FRANGO SEARA GNEL KG      5185",23.2,724,168,361,3660.9,27.82,27.42,27.42
1717,11099,"CARNES E AVES","CARNES","BOVINOS","BOV-RESFRIADOS","RESF-BOVNO BIFE","FILE MIGNON BOV RESF BIFE        KG",88.13,750,661,5831,196968.95,4.96,29.39,4.96
1717,11662,"CARNES E AVES","CARNES","BOVINOS","BOV-RESFRIADOS","RESF-BOVNO BIFE","LAGARTO BOV RESF BIFE            KG",45.47,750,341,523,7588.58,28.39,17.81,17.81
1717,12010,"CARNES E AVES","CARNES","AVES","AVES-RESFRIADAS","RESF - FRANGO INTEIRO","FRANGO A PASSARINHO RESF          K",65.37,748,489,1270,12475.78,52.3,46.28,46.28
1717,120951,"FRIOS TRANSFORMADOS","PEREC COMPLEMENTAR","FRIOS MANIPULADOS","FRIO DE AVE MANIPULADO","PEITO DE AVE MANIPULADO","PTO PERU C/CAS DEF LIG SEARA FAT",3.16,697,22,37,314.34,5.46,6.14,0.41
1717,120975,"FRIOS TRANSFORMADOS","PEREC COMPLEMENTAR","FRIOS MANIPULADOS","FRIO DE AVE MANIPULADO","PEITO DE AVE MANIPULADO","PTO PERU S/CAS DEF LIG SEARA FAT",38.93,750,292,1534,12409.08,31.47,34.76,18.51
1717,12249,"CARNES E AVES","CARNES","SUINOS E OUTROS","SUINOS-RESFRIADOS","RESF - CORTES SUINOS GENERICOS","LOMBO SUINO RESF KG (CORTE)",89.6,750,672,3378,82937.19,12.24,17.93,12.24
1717,1250,"CARNES E AVES","CARNES","BOVINOS","BOV-RESFRIADOS","RESF-MIUDO BOVINO","LINGUA BOVINO KG",24.4,250,61,67,832.74,25.9,25.9,25.9
1717,12614,"FRIOS TRANSFORMADOS","PEREC COMPLEMENTAR","FRIOS MANIPULADOS","FRIO ESPECIAL MANIPULADO","ROSBIFE MANIPULADO","PIG BEEF CERATTI FT",79.07,750,593,1943,11193.6,13,11.18,11.18
1717,12768,"FRIOS TRANSFORMADOS","PEREC COMPLEMENTAR","FRIOS MANIPULADOS","PRESUNTO MANIPULADO","PRESUNTO COZIDO MANIPULADO","PRES COZ GORD SADIA FAT         PCI",62.53,750,469,1539,9657.13,16.3,12.14,12.14
1717,12775,"FRIOS TRANSFORMADOS","PEREC COMPLEMENTAR","FRIOS MANIPULADOS","PRESUNTO MANIPULADO","PRESUNTO COZIDO MANIPULADO","PRES COZ MAGRO SADIA FAT",98.8,750,741,64940,375234.97,28.34,28.28,24.56
1717,1281,"CARNES E AVES","CARNES","AVES","AVES-RESFRIADAS","RESF - CORTES FRANGO GENERICO","COXA FRANGO RESF                  K",73.7,749,552,2024,19989.77,58.08,48.96,48.96
1717,1298,"CARNES E AVES","CARNES","BOVINOS","BOV-RESFRIADOS","RESF-BOVINO CORTE ESPECIAL","MAMINHA BOV RESF ESPECIAL        KG",72.99,748,546,2498,111724.17,33.14,33.81,29.14
1717,12997,"FRIOS TRANSFORMADOS","PEREC COMPLEMENTAR","FRIOS MANIPULADOS","SALAME COPA E LOMBO MANIPULADO","SALAME MANIPULADO","SALAME HAMBURGUES SADIA FATIADO KG",60.27,750,452,2067,24322.84,48.03,46.55,37.19
1717,1304,"CARNES E AVES","CARNES","BOVINOS","BOV-RESFRIADOS","RESF-BOVINO CORTE ESPECIAL","MEDALHAO FILE MIGNOM BOV RESF    KG",94.53,750,709,6558,251546.63,26.11,27.18,25.87
1717,1311,"CARNES E AVES","CARNES","AVES","AVES-RESFRIADAS","RESF - CORTES FRANGO GENERICO","PEITO FGO C/OSSO RESF KG",94,750,705,4886,54651.28,27.56,24.33,17.71
1717,131124,"CARNES E AVES","CARNES","SUINOS E OUTROS","SUINOS-RESFRIADOS","RESF - CORTES SUINOS GENERICOS","COPA LOMBO SUINO RESF KG (CORTE)",93.73,750,703,5993,80679.54,20.06,20.35,18.93
1717,13116,"FRIOS TRANSFORMADOS","PEREC COMPLEMENTAR","FRIOS MANIPULADOS","SALAME COPA E LOMBO MANIPULADO","SALAME MANIPULADO","SALAME ITAL SADIA  FATIADO KG",79.6,750,597,13228,175226.57,18.05,17.69,17.69
1717,1335,"FRIOS TRANSFORMADOS","PEREC COMPLEMENTAR","QUEIJOS MANIPULADOS","QUEIJO PRATO MANIPULADO","QUEIJO PRATO PEDACO MANIPULADO","QJ PRATO NAC PED KG",33.83,736,249,389,5121.94,12.06,11.43,4.83
1717,139465,"FRIOS TRANSFORMADOS","PEREC COMPLEMENTAR","FRIOS MANIPULADOS","LINGUICA MANIPULADA","LINGUICA DE AVE MANIPULADA","LING FRANGO SADIA GNEL GNEL",33.06,738,244,596,5692.69,37.71,43.24,33.79
1717,140195,"FRIOS TRANSFORMADOS","PEREC COMPLEMENTAR","FRIOS MANIPULADOS","FRIO ESPECIAL MANIPULADO","SALSICHA ESPECIAL MANIPULADA","SALS VIENA CERATTI GNEL",68.54,747,512,4789,37053.5,29.82,16.07,16.07
1717,142724,"FRIOS TRANSFORMADOS","PEREC COMPLEMENTAR","FRIOS MANIPULADOS","PRESUNTO MANIPULADO","PRESUNTO COZIDO MANIPULADO","PRES COZ MAGRO CERATTI FAT",67.6,750,507,3173,16321.29,48.17,25.36,25.36
1717,143745,"FRIOS TRANSFORMADOS","PEREC COMPLEMENTAR","QUEIJOS MANIPULADOS","QUEIJO MUSSARELA MANIPULADO","MUSSARELA FATIADA MANIPULADA","QA QJ MUSS QUALITA FAT",98.93,750,742,70075,552582.43,7.87,7.87,7.87
1717,15035,"FRIOS TRANSFORMADOS","PEREC COMPLEMENTAR","QUEIJOS MANIPULADOS","QUEIJO MUSSARELA MANIPULADO","MUSSARELA FATIADA MANIPULADA","QJ MUSS TIROLEZ FAT",97.6,750,732,21233,263723.6,20.07,19.68,18.38
1717,15059,"FRIOS TRANSFORMADOS","PEREC COMPLEMENTAR","QUEIJOS MANIPULADOS","QUEIJO PRATO MANIPULADO","QUEIJO PRATO FATIADO MANIPULADO","QJ PRATO TIROLEZ FAT",98.27,750,737,23820,263558.96,12.62,12.62,12.62
1717,16087,"CARNES E AVES","CARNES","SUINOS E OUTROS","SUINOS-RESFRIADOS","RESF - CORTES SUINOS GENERICOS","LOMBO SUINO FATIADO RESF KG (CORTE)",94.8,750,711,5950,71393.53,119.23,99.41,99.41
1717,161091,"FRIOS TRANSFORMADOS","PEREC COMPLEMENTAR","QUEIJOS MANIPULADOS","QUEIJO FABRICACAO PROPRIA MANIPULADO","TABUA DE QUEIJO ENCOMENDA MANIPULADO","TABUA QJS PED E FAT POR ENCOMENDA",31.42,748,235,681,16186.56,16.82,35.09,16.82
1717,16339,"CARNES E AVES","CARNES","AVES","AVES-RESFRIADAS","RESF - CORTES FRANGO GENERICO","COXA C/SOBRECOXA FRANGO RESF     KG",62.97,748,471,1724,17100.6,39.4,47.49,39.4
1717,16759,"CARNES E AVES","CARNES","SUINOS E OUTROS","SUINOS-RESFRIADOS","RESF - CORTES SUINOS GENERICOS","PERNIL SUINO C/OSSO RESF (CORTE) KG",57.73,750,433,1559,27924.13,13.04,11.48,11.48
1717,16926,"CARNES E AVES","CARNES","SUINOS E OUTROS","SUINOS-RESFRIADOS","RESF - CORTES SUINOS GENERICOS","PERNIL SUINO ESPECIAL S/O KG CORTE",91.73,750,688,4475,60463.89,30.27,28.64,28.64
1717,1809,"CARNES E AVES","CARNES","BOVINOS","BOV-RESFRIADOS","RESF-BOVINO CORTE ESPECIAL","FRALDINHA EXTRA LIMPA BOV RESF   KG",76.13,750,571,2471,75703.1,38.17,37.03,37.03
1717,18449,"FRIOS TRANSFORMADOS","PEREC COMPLEMENTAR","QUEIJOS MANIPULADOS","QUEIJO MUSSARELA MANIPULADO","MUSSARELA FATIADA MANIPULADA","QJ MUCARELA IMP FAT KG",1.65,364,6,6,115.86,11.67,11.67,11.67
1717,1854,"CARNES E AVES","CARNES","BOVINOS","BOV-RESFRIADOS","RESF-BOVINO CORTE ESPECIAL","RUMP STEAK ALCATRA BOV RESF KG",58,750,435,915,22743.29,36.46,32.6,32.6
1717,19095,"FRIOS TRANSFORMADOS","PEREC COMPLEMENTAR","FRIOS MANIPULADOS","FRIO ESPECIAL MANIPULADO","MORTADELA ESPECIAL MANIPULADA","MORT C/PISTACHE CERATTI FAT",42.76,746,319,778,4903.51,15.94,23.38,15.94
1717,1915,"CARNES E AVES","CARNES","BOVINOS","BOV-RESFRIADOS","RESF-BOVINO CORTE ESPECIAL","CARNE P/ STROGONOFF DE FILE MIGNON",97.47,750,731,6005,225991.84,22.71,23.65,22.71
1717,19934,"CARNES E AVES","CARNES","AVES","AVES-RESFRIADAS","RESF - CORTES ESPECIAIS FRANGO","COXA FGO S/PELE RESF GNEL KG",36.41,747,272,703,6848.63,21.16,21.16,21.16
1717,216760,"CARNES E AVES","CARNES","SUINOS E OUTROS","SUINOS-RESFRIADOS","RESF - CORTES SUINOS GENERICOS","CUBOS PERNIL SUINO RESF KG (CORTES)",10.95,740,81,146,1497.96,5.56,5.56,5.56
1717,216944,"CARNES E AVES","CARNES","AVES","AVES-RESFRIADAS","RESF - FRANGO INTEIRO","FRANGO INT CORTADO NA JUNTA RESF KG",14.9,698,104,133,2270.12,30.35,31.94,30.35
1717,222945,"CARNES E AVES","CARNES","SUINOS E OUTROS","SUINOS-RESFRIADOS","RESF - CORTES SUINOS GENERICOS","PICANHA SUINA RESF KG (CORTE)",23.63,749,177,261,3450.35,16.39,2.2,2.2
1717,23986,"FRIOS TRANSFORMADOS","PEREC COMPLEMENTAR","FRIOS MANIPULADOS","FRIO ESPECIAL MANIPULADO","PRESUNTO COZIDO ESPECIAL MANIPULADO","PRES DEFUMADO KASSEL FT",58.39,745,435,1152,5429.9,15.41,12.06,12.06
1717,24297,"FRIOS TRANSFORMADOS","PEREC COMPLEMENTAR","FRIOS MANIPULADOS","FRIO DE AVE MANIPULADO","PEITO DE AVE MANIPULADO","PEITO PERU DEF SADIA FAT",69.6,750,522,1867,13596.59,35.06,34.4,32.13
1717,244640,"CARNES E AVES","CARNES","AVES","AVES-RESFRIADAS","RESF - CORTES FRANGO TEMPERADO GENERICO","MEIO ASA FGO RESF TEMP KG",34.4,750,258,820,15878.21,36.31,39.06,36.31
1717,25645,"FRIOS TRANSFORMADOS","PEREC COMPLEMENTAR","FRIOS MANIPULADOS","FRIO DE AVE MANIPULADO","BLANQUET E TRANCHET MANIPULADO","BLANQUET PERU SADIA LIGHT FAT",81.07,750,608,4527,30284.66,68.14,66.01,34.86
1717,280822,"CARNES E AVES","CARNES","SUINOS E OUTROS","SUINOS-RESFRIADOS","RESF - CORTES SUINOS ESPECIAIS","COXAO DURO SUINO RESF KG (CORTE)",9.32,740,69,102,1021.62,24.91,24.91,24.91
1717,280860,"CARNES E AVES","CARNES","SUINOS E OUTROS","SUINOS-RESFRIADOS","RESF - CORTES SUINOS ESPECIAIS","COXAO MOLE SUINO RESF KG (CORTE)",12.33,746,92,150,1748.26,29.45,32.47,29.45
1717,280877,"CARNES E AVES","CARNES","SUINOS E OUTROS","SUINOS-RESFRIADOS","RESF - CORTES SUINOS ESPECIAIS","ALCATRA SUINA RESF KG (CORTE)",8.21,743,61,73,845.42,6.7,7.4,6.7
1717,280884,"CARNES E AVES","CARNES","SUINOS E OUTROS","SUINOS-RESFRIADOS","RESF - CORTES SUINOS ESPECIAIS","PATINHO SUINO RESF KG (CORTE)",9.05,729,66,94,1231.3,12.91,12.91,12.91
1717,28202,"CARNES E AVES","CARNES","AVES","AVES-RESFRIADAS","RESF - CORTES FRANGO GENERICO","COXINHA DA ASA FRANGO RESF KG",90.13,750,676,5369,72326.19,13.64,14.43,13.58
1717,287739,"FRIOS TRANSFORMADOS","PEREC COMPLEMENTAR","FRIOS MANIPULADOS","MORTADELA MANIPULADA","MORTADELA MANIPULADA","MORT DEFUMADA SADIA FAT MSD",62,750,465,2131,8104.1,30.78,31.7,25.84
1717,287944,"FRIOS TRANSFORMADOS","PEREC COMPLEMENTAR","QUEIJOS MANIPULADOS","QUEIJO PROVOLONE MANIPULADO","PROVOLONE FATIADO MANIPULADO","QJ PROV TIROLEZ PEDACOS",73.97,749,554,2460,47510.28,10.63,7.59,7.59
1717,31240,"CARNES E AVES","CARNES","SUINOS E OUTROS","SUINOS-RESFRIADOS","RESF - CORTES SUINOS GENERICOS","FILE MIGNON SUINO RESF KG (CORTE)",92.93,750,697,5530,91862.77,14.24,18.15,14.24
1717,32629,"FRIOS TRANSFORMADOS","PEREC COMPLEMENTAR","QUEIJOS MANIPULADOS","QUEIJO PRATO MANIPULADO","QUEIJO PRATO PEDACO MANIPULADO","QJ PRATO IMP PED KG",4.32,162,7,7,97.06,11.95,11.95,11.95
1717,34500,"FRIOS TRANSFORMADOS","PEREC COMPLEMENTAR","FRIOS MANIPULADOS","LINGUICA MANIPULADA","LINGUICA TOSCANA MANIPULADA","LING TOSCANA AURORA KG",86.4,750,648,9730,112838.56,20.54,54.55,20.54
1717,345538,"CARNES E AVES","CARNES","SUINOS E OUTROS","SUINOS-RESFRIADOS","RESF - CORTES SUINOS ESPECIAIS","BACON SUINO RESF KG (CORTE)",3.7,81,3,5,31.07,Inf,Inf,14.29
1717,345668,"CARNES E AVES","CARNES","SUINOS E OUTROS","SUINOS-RESFRIADOS","RESF - CORTES SUINOS GENERICOS","LAGARTO SUINO RESF KG (CORTE)",1.92,624,12,13,123.4,4.02,4.02,2.1
1717,345989,"CARNES E AVES","CARNES","SUINOS E OUTROS","SUINOS-RESFRIADOS","RESF - CORTES SUINOS ESPECIAIS","ESCALOPE LOMBO SUINO RESF KG CORTE",30.56,746,228,423,4412.88,12.34,13.88,12.34
1717,352,"CARNES E AVES","CARNES","BOVINOS","BOV-RESFRIADOS","RESF-BOVINO CORTE ESPECIAL","BIFE PARA ROLE (CX DURO BOV RF) KG",65.91,745,491,1157,28815.18,43.29,42.42,42.42
1717,36559,"CARNES E AVES","CARNES","BOVINOS","BOV-RESFRIADOS","RESF-BOVINO PECA","MAMINHA FORA DO VACUO BOV RESF KG",49.4,749,370,942,29062.98,33.67,30.32,30.32
1717,366793,"FRIOS TRANSFORMADOS","PEREC COMPLEMENTAR","QUEIJOS MANIPULADOS","QUEIJO MUSSARELA MANIPULADO","MUSSARELA FATIADA MANIPULADA","QJ MUSS RALADA/FILETADA",2.9,723,21,23,186.69,13.86,13.86,13.86
1717,376,"CARNES E AVES","CARNES","BOVINOS","BOV-RESFRIADOS","RESF-BOVNO BIFE","CONTRA FILE BOV RESF BIFE        KG",98,750,735,7861,194788.3,19.03,18.99,17.13
1717,378055,"CARNES E AVES","CARNES","BOVINOS","BOV-RESFRIADOS","RESF-MIUDO BOVINO","MOCOTO BOVINO KG",25.58,735,188,237,2355.16,18.86,24.24,18.86
1717,40372,"FRIOS TRANSFORMADOS","PEREC COMPLEMENTAR","FRIOS MANIPULADOS","MORTADELA MANIPULADA","MORTADELA MANIPULADA","MORT BOLOGNA OURO PERDIGAO FAT MBB",93.45,748,699,9260,36379.21,13.32,13.65,13.32
1717,40648,"FRIOS TRANSFORMADOS","PEREC COMPLEMENTAR","QUEIJOS MANIPULADOS","QUEIJO FABRICACAO PROPRIA MANIPULADO","KIT QUEIJOS ESPECIAIS MANIPULADOS","KIT BOURSIN",17.98,723,130,158,4647.04,0,13.33,0
1717,41041,"CARNES E AVES","CARNES","BOVINOS","BOV-RESFRIADOS","RESF-BOVINO PEDACO","ALCATRA BOV RESF PEDACO          KG",82.86,747,619,10701,256304.62,67.22,326.67,67.22
1717,412575,"FRIOS TRANSFORMADOS","PEREC COMPLEMENTAR","QUEIJOS MANIPULADOS","QUEIJO MUSSARELA MANIPULADO","MUSSARELA PEDACO MANIPULADA","QJ MUCARELA IMP PED KG",12.5,40,5,5,80.7,Inf,Inf,31.43
1717,417372,"CARNES E AVES","CARNES","BOVINOS","BOV-RESFRIADOS","RUBIA GALLEGA","RG FILE MIGNON BOV RESF KG",15.17,745,113,376,15136.32,11.65,11.08,11.08
1717,417389,"CARNES E AVES","CARNES","BOVINOS","BOV-RESFRIADOS","RUBIA GALLEGA","RG CONTRA FILE BOV RESF KG",87.47,750,656,6115,193856.97,62.13,102.47,62.13
1717,417402,"CARNES E AVES","CARNES","BOVINOS","BOV-RESFRIADOS","RUBIA GALLEGA","RG COXAO DURO BOV RESF KG",38.87,746,290,956,17657.15,26.46,28.65,26.46
1717,417419,"CARNES E AVES","CARNES","BOVINOS","BOV-RESFRIADOS","RUBIA GALLEGA","RG COXAO MOLE BOV RESF KG",57.81,749,433,5099,101366.66,29.49,57.35,29.49
1717,417433,"CARNES E AVES","CARNES","BOVINOS","BOV-RESFRIADOS","RUBIA GALLEGA","RG PATINHO BOV RESF  KG",37.28,743,277,2291,55144.93,6.14,146.83,6.14
1717,417457,"CARNES E AVES","CARNES","BOVINOS","BOV-RESFRIADOS","RUBIA GALLEGA","RG MUSCULO BOV RESF KG",33.56,736,247,1011,20203.04,35.97,33.44,33.44
1717,417488,"CARNES E AVES","CARNES","BOVINOS","BOV-RESFRIADOS","RUBIA GALLEGA","RG MIOLO DE ACEM TERNEIRO BOV KG",45.39,749,340,1424,30486.85,37.73,15.45,15.45
1717,417495,"CARNES E AVES","CARNES","BOVINOS","BOV-RESFRIADOS","RUBIA GALLEGA","RG MIOLO DA PALETA TERNEIRO BOV KG",45.53,749,341,1638,33025.38,32.99,27.12,27.12
1717,420,"CARNES E AVES","CARNES","BOVINOS","BOV-RESFRIADOS","RESF-BOVINO CORTE ESPECIAL","BABY BEEF BOV RESF               KG",95.07,750,713,9091,237337.63,16.29,16.29,14.98
1717,42123,"FRIOS TRANSFORMADOS","PEREC COMPLEMENTAR","FRIOS MANIPULADOS","FRIO ESPECIAL MANIPULADO","MORTADELA ESPECIAL MANIPULADA","MORT C/AZEITONA CERATTI FT",30.87,745,230,504,2924.59,29.33,41.67,29.33
1717,42338,"FRIOS TRANSFORMADOS","PEREC COMPLEMENTAR","FRIOS MANIPULADOS","FRIO ESPECIAL MANIPULADO","MORTADELA ESPECIAL MANIPULADA","MORT C/PICLES CERATTI FATIADA 201",42.44,747,317,660,3176.34,33.98,33.3,33.3
1717,42659,"CARNES E AVES","CARNES","SUINOS E OUTROS","SUINOS-RESFRIADOS","RESF - CORTES SUINOS GENERICOS","BARRIGA SUINA RESF KG (CORTE)",91.6,750,687,4725,57162.18,24,39.51,24
1717,435994,"CARNES E AVES","CARNES","SUINOS E OUTROS","SUINOS-RESFRIADOS","RESF - CORTES SUINOS ESPECIAIS","MEDALHAO FILE SUINO RESF KG CORTE",49.47,750,371,977,12931.12,32.42,30.94,30.94
1717,44189,"CARNES E AVES","CARNES","BOVINOS","BOV-RESFRIADOS","RESF-BOVINO PEDACO","CONTRA FILE BOV RESF PEDACO      KG",37.95,743,282,447,16264.22,40.28,21.7,21.7
1717,44349,"CARNES E AVES","CARNES","BOVINOS","BOV-RESFRIADOS","RESF-BOVINO PEDACO","COXAO MOLE BOV PEDACO            KG",85.33,750,640,3093,79613.82,57.79,36.9,36.9
1717,444,"CARNES E AVES","CARNES","BOVINOS","BOV-RESFRIADOS","RESF-BOVINO CORTE ESPECIAL","BIFE PARIS BOV RESF              KG",60.37,747,451,862,13914.55,21.46,20.16,20.16
1717,44455,"CARNES E AVES","CARNES","BOVINOS","BOV-RESFRIADOS","RESF-BOVINO PECA","FRALDINHA FORA DO VACUO BOV RESF KG",100,2,2,2,87.69,Inf,Inf,Inf
1717,447713,"CARNES E AVES","CARNES","SUINOS E OUTROS","SUINOS-RESFRIADOS","RESF - CORTES SUINOS ESPECIAIS","ESCALOPE FILE SUINO RESF KG CORTE",76.1,749,570,2174,25190.66,29.38,28.21,28.21
1717,448284,"CARNES E AVES","CARNES","BOVINOS","BOV-RESFRIADOS","RUBIA GALLEGA","RG ALCATRA BOV RESF KG",62.2,746,464,2202,53835.44,10.58,17.3,10.58
1717,44912,"CARNES E AVES","CARNES","BOVINOS","BOV-RESFRIADOS","RESF-BOVINO PEDACO","PATINHO BOV RESF PEDACO          KG",93.2,750,699,10207,230964.91,36.13,71.97,36.13
1717,46060,"CARNES E AVES","CARNES","BOVINOS","BOV-RESFRIADOS","RESF-BOVINO PEDACO","LAGARTO BOV RESF PEDACO          KG",85.44,742,634,2026,63091.08,33.41,45.38,33.41
1717,46930,"CARNES E AVES","CARNES","BOVINOS","BOV-RESFRIADOS","RESF-BOVINO PEDACO","FRALDINHA BOV RESF PEDACO        KG",31.73,750,238,522,12631.12,25.87,25.87,24.89
1717,471053,"FRIOS TRANSFORMADOS","PEREC COMPLEMENTAR","FRIOS MANIPULADOS","LINGUICA MANIPULADA","LINGUICA TOSCANA MANIPULADA","LING TOSC NABRASA PERDIGAO GNEL KG",58.27,750,437,2084,22082.25,38.04,32.27,32.27
1717,471114,"CARNES E AVES","CARNES","AVES","AVES-RESFRIADAS","RESF - CORTES FRANGO TEMPERADO GENERICO","FILE DE PEITO FGO TEMP RESF KG",68.53,750,514,1182,15739.86,26.47,24.86,24.86
1717,471121,"CARNES E AVES","CARNES","AVES","AVES-RESFRIADAS","RESF - CORTES FRANGO TEMPERADO GENERICO","FGO PASSARINHO TEMP RESF KG",55.35,748,414,889,7818.73,22.99,21.01,18.48
1717,471138,"CARNES E AVES","CARNES","AVES","AVES-RESFRIADAS","RESF - CORTES FRANGO TEMPERADO GENERICO","DRUMET FGO TEMP RESF KG",80.13,750,601,2246,36351,45.91,46.66,36.11
1717,471145,"CARNES E AVES","CARNES","AVES","AVES-RESFRIADAS","RESF - CORTES FRANGO TEMPERADO GENERICO","SOBRECOXA FGO TEMP RESF KG",59.49,748,445,822,10530.94,61.76,38.79,38.79
1717,47197,"CARNES E AVES","CARNES","BOVINOS","BOV-RESFRIADOS","RESF-BOVINO CORTE ESPECIAL","BIFE CHORIZO CONTRA FILE RESF     K",70.15,747,524,1287,34211.34,29.04,28.97,28.97
1717,472111,"CARNES E AVES","CARNES","BOVINOS","BOV-RESFRIADOS","RUBIA GALLEGA","RG BIFE PARA ROLE TERNEIRO(CX DURO)",31,742,230,410,9759,44.41,43.57,43.57
1717,472166,"CARNES E AVES","CARNES","BOVINOS","BOV-RESFRIADOS","RUBIA GALLEGA","RG STROGONOF COXAO MOLE TERNEIRO",47.52,745,354,1111,23931.96,32.87,29.95,29.95
1717,472173,"CARNES E AVES","CARNES","BOVINOS","BOV-RESFRIADOS","RUBIA GALLEGA","RG BIFE PARIS TERNEIRO",30.16,746,225,395,6470.6,23.05,21.11,20.09
1717,472197,"CARNES E AVES","CARNES","BOVINOS","BOV-RESFRIADOS","RUBIA GALLEGA","RG CARNE P/ MOLHO TERNERO",38.08,738,281,550,12863.53,6.07,6.07,6.07
1717,472326,"CARNES E AVES","CARNES","BOVINOS","BOV-RESFRIADOS","RUBIA GALLEGA","RG BOMBOM ALCATRA TERNEIRO",33.02,742,245,626,14335,26.54,23.25,23.25
1717,472371,"CARNES E AVES","CARNES","BOVINOS","BOV-RESFRIADOS","RUBIA GALLEGA","RG STROGONOF ALCATRA TERNEIRO",38.81,742,288,917,26883.82,26.12,19.97,19.97
1717,472418,"CARNES E AVES","CARNES","BOVINOS","BOV-RESFRIADOS","RUBIA GALLEGA","RG BABY BEEF TERNERO (ALCATRA)",66.76,749,500,2732,91266.09,48.74,45.87,45.87
1717,472449,"CARNES E AVES","CARNES","BOVINOS","BOV-RESFRIADOS","RUBIA GALLEGA","RG BIFE CHORIZO TERNEIRO CONTRA F",28.17,742,209,409,10698.91,24.49,13.23,13.23
1717,472548,"CARNES E AVES","CARNES","BOVINOS","BOV-RESFRIADOS","RUBIA GALLEGA","RG BIFE ESPECIAL TERNEIRO CONTRA F",28.71,742,213,570,13051.51,27.36,19.6,19.6
1717,472562,"CARNES E AVES","CARNES","BOVINOS","BOV-RESFRIADOS","RUBIA GALLEGA","RG CONTRA FILE P/CHURRASCO TERNEIRO",26.39,720,190,482,12355.73,38.09,35.89,35.89
1717,472630,"CARNES E AVES","CARNES","BOVINOS","BOV-RESFRIADOS","RUBIA GALLEGA","RG FILE MIGNON EXTRA LIMPO TERNEIRO",28.47,734,209,436,26983.86,20.47,20.47,20.47
1717,472654,"CARNES E AVES","CARNES","BOVINOS","BOV-RESFRIADOS","RUBIA GALLEGA","RG MEDALHAO FILE MIGNON TERNEIRO",23.18,742,172,447,20793.08,15.39,19.98,15.39
1717,472715,"CARNES E AVES","CARNES","BOVINOS","BOV-RESFRIADOS","RUBIA GALLEGA","RG STROGONOF FILE MIGNON TERNEIRO",20.24,741,150,290,13004.06,20.08,30.25,19.08
1717,472753,"CARNES E AVES","CARNES","BOVINOS","BOV-RESFRIADOS","RUBIA GALLEGA","CG ESCALOPE FILE MIGNON TERNEIRO",33.73,750,253,757,25989.56,31.23,41.85,31.23
1717,472814,"CARNES E AVES","CARNES","BOVINOS","BOV-RESFRIADOS","RUBIA GALLEGA","CG BIFE PICANHA TERNEIRO",7.97,590,47,76,2883.46,18.58,14.56,14.56
1717,472906,"CARNES E AVES","CARNES","BOVINOS","BOV-RESFRIADOS","RUBIA GALLEGA","CG MAMINHA ESPECIAL TERNEIRO",58.63,742,435,1485,74571.15,57.31,63.25,56.37
1717,473040,"CARNES E AVES","CARNES","BOVINOS","BOV-RESFRIADOS","RUBIA GALLEGA","CG FRALDINHA EXTRA LIMPA TERNEIRO",53.23,742,395,1456,41746.35,15.19,17.39,13.64
1717,473057,"CARNES E AVES","CARNES","BOVINOS","BOV-RESFRIADOS","RUBIA GALLEGA","CG MUSCULO ESPECIAL TERNEIRO",43.12,749,323,1277,23563.25,48.12,40.69,40.69
1717,473064,"CARNES E AVES","CARNES","BOVINOS","BOV-RESFRIADOS","RUBIA GALLEGA","CG BIFE PANELA TERNERO",16.82,737,124,226,2513.15,0,11.6,0
1717,473071,"CARNES E AVES","CARNES","BOVINOS","BOV-RESFRIADOS","RUBIA GALLEGA","CG BIFE BOBOLETA TERNEIRO",9.04,741,67,105,1005.68,1.48,1.48,0.31
1717,473088,"CARNES E AVES","CARNES","BOVINOS","BOV-RESFRIADOS","RUBIA GALLEGA","CG PEIXINHO ESPECIAL TERNERIO",13.23,733,97,129,2523.3,0,20.28,0
1717,473095,"CARNES E AVES","CARNES","BOVINOS","BOV-RESFRIADOS","RUBIA GALLEGA","CG LAGARTO EXT LIMPA TERNEIRO",68.58,748,513,2233,91165.15,36.99,32.74,32.74
1717,473149,"CARNES E AVES","CARNES","BOVINOS","BOV-RESFRIADOS","RUBIA GALLEGA","CG CORACAO DE PATINHO TERNEIRO",43.24,740,320,733,35185.72,33.91,36.17,33.91
1717,473156,"CARNES E AVES","CARNES","BOVINOS","BOV-RESFRIADOS","RUBIA GALLEGA","CG BIFE A MILANESA PATINHO TERNEIRO",30.8,750,231,713,13832.06,21.8,22.59,21.8
1717,473163,"CARNES E AVES","CARNES","BOVINOS","BOV-RESFRIADOS","RUBIA GALLEGA","CG BIFE A MINEIRA TERNEIRO",7.19,292,21,26,253.08,19.36,20.85,16.74
1717,473170,"CARNES E AVES","CARNES","BOVINOS","BOV-RESFRIADOS","RUBIA GALLEGA","CG ESPECIAL PEITO TERNEIRO",23.31,725,169,294,4029.79,10.07,10.07,10.07
1717,473231,"CARNES E AVES","CARNES","BOVINOS","BOV-RESFRIADOS","RUBIA GALLEGA","CG FILE MIGNON NOVILHO STROGONOFF",100,1,1,1,11.96,Inf,Inf,Inf
1717,473279,"CARNES E AVES","CARNES","BOVINOS","BOV-RESFRIADOS","RUBIA GALLEGA","RG CONTRA FILE NOVILHO ESPECIAL",100,1,1,1,11.59,Inf,Inf,Inf
1717,473293,"CARNES E AVES","CARNES","BOVINOS","BOV-RESFRIADOS","RUBIA GALLEGA","RG CONTRA FILE NOVILHO P/ CHURRASCO",100,2,2,2,34.77,Inf,Inf,Inf
1717,473323,"CARNES E AVES","CARNES","BOVINOS","BOV-RESFRIADOS","RUBIA GALLEGA","RG ALCATRA NOVILHO STROGONOFF",100,1,1,1,12.59,Inf,Inf,Inf
1717,489584,"FRIOS TRANSFORMADOS","PEREC COMPLEMENTAR","FRIOS MANIPULADOS","FRIO ESPECIAL MANIPULADO","ROSBIFE MANIPULADO","PIG BEEF AZEITONA CERATTI FAT",39.57,748,296,594,3498.86,18.93,15.8,15.8
1717,49771,"FRIOS TRANSFORMADOS","PEREC COMPLEMENTAR","FRIOS MANIPULADOS","FRIO ESPECIAL MANIPULADO","MORTADELA ESPECIAL MANIPULADA","MORT BOLOGNA TRADICIONAL CERATTI FT",92.8,750,696,16102,103730.79,22.57,19.49,19.49
1717,5029,"CARNES E AVES","CARNES","AVES","AVES-RESFRIADAS","RESF - CORTES FRANGO GENERICO","FILE DE PEITO FGO RESF KG",97.33,750,730,11541,167147.11,11.88,11.88,11.88
1717,51705,"CARNES E AVES","CARNES","AVES","AVES-RESFRIADAS","RESF - CORTES FRANGO GENERICO","SOBRECOXA FGO RESF GNEL KG (PCTE)",99.07,750,743,8169,109626.33,35.47,37.49,26.94
1717,52375,"CARNES E AVES","CARNES","BOVINOS","BOV-RESFRIADOS","RESF-BOVINO PEDACO","COXAO DURO BOV RESF PEDACO       KG",81.87,750,614,2088,56394.01,57.1,50.6,50.48
1717,52542,"CARNES E AVES","CARNES","BOVINOS","BOV-RESFRIADOS","RESF-BOVINO PEDACO","ACEM BOV RESF PEDACO             KG",64.91,741,481,2067,44717.97,33.14,33.14,33.14
1717,52559,"CARNES E AVES","CARNES","BOVINOS","BOV-RESFRIADOS","RESF-BOVINO CORTE ESPECIAL","BIFE ESPECIAL CONTRA FILE RESF    K",67.65,745,504,1456,29384.83,36.17,34.86,34.86
1717,536,"CARNES E AVES","CARNES","BOVINOS","BOV-RESFRIADOS","RESF-BOVINO CORTE ESPECIAL","CARNE P/ MOLHO BOV RESF          KG",74.93,746,559,1534,35149.06,21,23.72,19.44
1717,54270,"CARNES E AVES","CARNES","SUINOS E OUTROS","SUINOS-RESFRIADOS","RESF - CORTES SUINOS GENERICOS","BARRIGA SUINA RESF               KG",2.07,726,15,19,182.99,10.11,10.11,10.11
1717,54294,"CARNES E AVES","CARNES","SUINOS E OUTROS","SUINOS-RESFRIADOS","RESF - CORTES SUINOS GENERICOS","JOELHO SUINO RESF                KG",1.51,729,11,15,105.6,4.75,4.75,4.75
1717,54300,"CARNES E AVES","CARNES","SUINOS E OUTROS","SUINOS-RESFRIADOS","RESF - CORTES SUINOS GENERICOS","PALETA SUINA C/OSSO RESF         KG",0.36,551,2,2,46.9,Inf,Inf,14.29
1717,54690,"CARNES E AVES","CARNES","BOVINOS","BOV-RESFRIADOS","RESF-BOVINO CORTE ESPECIAL","BIFE PANELA BOV RESF             KG",26.59,722,192,348,4095.81,0,14.29,0
1717,5678,"CARNES E AVES","CARNES","BOVINOS","BOV-RESFRIADOS","RESF-BOVINO CORTE ESPECIAL","CONTRA FILE BOV RESF ESPECIAL    KG",2.02,694,14,16,612.17,7.57,7.57,7.57
1717,56854,"CARNES E AVES","CARNES","BOVINOS","BOV-RESFRIADOS","RESF-BOVNO BIFE","MAMINHA BOV RESF BIFE            KG",78.27,750,587,1650,33566.19,37.48,37.12,34.67
1717,57059,"FRIOS TRANSFORMADOS","PEREC COMPLEMENTAR","FRIOS MANIPULADOS","FRIO DE AVE MANIPULADO","PEITO DE AVE MANIPULADO","PEITO PERU DEF SADIA S/C FT",98.13,750,736,54053,513256.97,21.62,25.15,21.62
1717,57288,"FRIOS TRANSFORMADOS","PEREC COMPLEMENTAR","FRIOS MANIPULADOS","FRIO ESPECIAL MANIPULADO","ESPECIALIDADE SUINO MANIPULADO","COPA DEFUMADA KASSEL FT",53.74,748,402,883,5846.08,13.55,17.9,13.55
1717,58650,"CARNES E AVES","CARNES","BOVINOS","BOV-RESFRIADOS","RESF-BOVINO CORTE ESPECIAL","PICADO A BRASILEIRA BOV RESF     KG",10.32,727,75,120,2599.78,9.14,9.14,6.97
1717,5951,"FRIOS TRANSFORMADOS","PEREC COMPLEMENTAR","QUEIJOS MANIPULADOS","QUEIJO MUSSARELA MANIPULADO","MUSSARELA FATIADA MANIPULADA","QJ MUCARELA NAC FAT KG",8.81,590,52,53,666.94,9.72,12.06,9.72
1717,59985,"CARNES E AVES","CARNES","BOVINOS","BOV-RESFRIADOS","RESF-BOVINO PEDACO","PALETA BOV RESF PEDACO           KG",42.35,732,310,1251,27801.43,36.55,33.16,33.16
1717,60066,"CARNES E AVES","CARNES","BOVINOS","BOV-RESFRIADOS","RESF-BOVINO PEDACO","PEITO BOV RESF PEDACO            KG",10.14,562,57,87,1036.02,15.45,15.45,15.45
1717,61179,"FRIOS TRANSFORMADOS","PEREC COMPLEMENTAR","QUEIJOS MANIPULADOS","QUEIJO PRATO MANIPULADO","QUEIJO PRATO FATIADO MANIPULADO","QJ PRATO NAC FAT KG",77.73,750,583,7098,56495.82,45.79,48.37,45.79
1717,61315,"CARNES E AVES","CARNES","BOVINOS","BOV-RESFRIADOS","RESF-BOVINO CORTE ESPECIAL","CARNE P/ STROGONOFF DE ALCATRA",95.6,750,717,5996,162390.8,26.17,23.57,23.57
1717,61643,"CARNES E AVES","CARNES","BOVINOS","BOV-RESFRIADOS","RESF-BOVNO BIFE","PICANHA BOV RESF BIFE            KG",66.18,748,495,1320,38474.18,29.71,32.68,29.71
1717,617987,"FRIOS TRANSFORMADOS","PEREC COMPLEMENTAR","FRIOS MANIPULADOS","FRIO ESPECIAL MANIPULADO","SALSICHAO MANIPULADO","SALSICHAO C/PICLES CERATTI FT",66.67,750,500,1217,6356.95,43.89,63.23,43.89
1717,62572,"CARNES E AVES","CARNES","SUINOS E OUTROS","SUINOS-RESFRIADOS","RESF - CORTES SUINOS GENERICOS","BISTECA SUINA RESF KG (CORTE)",89.07,750,668,5854,70088.3,20.04,31.14,20.04
1717,62749,"CARNES E AVES","CARNES","BOVINOS","BOV-RESFRIADOS","RESF-BOVINO PEDACO","MIOLO ACEM BOV RESF              KG",6.69,718,48,49,1211.99,19.84,14.61,14.61
1717,63173,"CARNES E AVES","CARNES","AVES","AVES-RESFRIADAS","RESF - CORTES ESPECIAIS FRANGO","PEITO FGO RESF S/PELE KG",94.53,750,709,7337,90091.74,18.55,15.44,15.44
1717,63210,"CARNES E AVES","CARNES","AVES","AVES-RESFRIADAS","RESF - CORTES ESPECIAIS FRANGO","STROGONOFF DE FILE FRANGO RESF   KG",97.87,750,734,7267,85304.72,24.81,19.59,19.59
1717,63357,"CARNES E AVES","CARNES","AVES","AVES-RESFRIADAS","RESF - CORTES ESPECIAIS FRANGO","SOBRECOXA FGO S/PELE RESF GNEL COXA",6.35,724,46,72,1003.47,32.08,28.27,28.27
1717,65795,"CARNES E AVES","CARNES","SUINOS E OUTROS","SUINOS-RESFRIADOS","RESF - CORTES SUINOS GENERICOS","PALETA SUINA C/OSSO RESF KG (CORTE)",4.11,633,26,46,446.52,11.33,11.33,4.61
1717,66136,"FRIOS TRANSFORMADOS","PEREC COMPLEMENTAR","FRIOS MANIPULADOS","MORTADELA MANIPULADA","MORTADELA MANIPULADA","MORT BOLOGNELLA PERDIGAO FAT",60.93,750,457,2080,5895.5,40.89,42.28,40.89
1717,6668,"CARNES E AVES","CARNES","AVES","AVES-RESFRIADAS","RESF - CORTES FRANGO GENERICO","ASA FRANGO RESF                  KG",74.4,750,558,2694,33985.51,16.22,17.48,16.22
1717,68765,"FRIOS TRANSFORMADOS","PEREC COMPLEMENTAR","QUEIJOS MANIPULADOS","QUEIJO MUSSARELA MANIPULADO","MUSSARELA PEDACO MANIPULADA","QJ MUCARELA NAC PED KG",14.53,413,60,71,1189.71,16.6,21.48,16.6
1717,70942,"FRIOS TRANSFORMADOS","PEREC COMPLEMENTAR","FRIOS MANIPULADOS","PRESUNTO MANIPULADO","PRESUNTO COZIDO MANIPULADO","PRES COZ MAGRO SEARA FAT",78.13,750,586,4356,21823.53,26.35,36.42,26.35
1717,71727,"FRIOS TRANSFORMADOS","PEREC COMPLEMENTAR","QUEIJOS MANIPULADOS","QUEIJO PROVOLONE MANIPULADO","PROVOLONE FATIADO MANIPULADO","QJ PROV S/CASCA FATIADO",57.68,749,432,934,10683.83,26.38,24.63,24.36
1717,73486,"FRIOS TRANSFORMADOS","PEREC COMPLEMENTAR","FRIOS MANIPULADOS","SALAME COPA E LOMBO MANIPULADO","LOMBO MANIPULADO","LOMBO DEF SEARA FAT            6220",42.95,745,320,795,3392.17,32.25,32.54,27.92
1717,73653,"CARNES E AVES","CARNES","BOVINOS","BOV-RESFRIADOS","RESF-BOVINO CORTE ESPECIAL","BOMBOM ALCATRA RESF               K",84.4,750,633,2978,64801.33,30.78,27.98,27.98
1717,74209,"FRIOS TRANSFORMADOS","PEREC COMPLEMENTAR","QUEIJOS MANIPULADOS","QUEIJO MUSSARELA MANIPULADO","MUSSARELA FATIADA MANIPULADA","QJ MUSSARELA LIGHT BALKIS FATIADO",52.27,748,391,1741,18041.12,17.5,31.38,17.5
1717,74667,"CARNES E AVES","CARNES","AVES","AVES-RESFRIADAS","RESF - CORTES FRANGO GENERICO","SOBRECOXA FGO RESF GNEL KG (COXA)KG",7.72,674,52,60,768.17,12.58,12.58,5.04
1717,76395,"FRIOS TRANSFORMADOS","PEREC COMPLEMENTAR","QUEIJOS MANIPULADOS","QUEIJO PROVOLONE MANIPULADO","PROVOLONE FATIADO MANIPULADO","QJ PROV FATIADO C/CASCA",0.97,621,6,7,49.43,3.37,3.37,3.37
1717,77224,"CARNES E AVES","CARNES","BOVINOS","BOV-RESFRIADOS","RESF-BOVNO BIFE","BIFE COXAO MOLE BOV RESF     KG",82.49,748,617,2696,54903.73,9.77,8.55,8.55
1717,77231,"CARNES E AVES","CARNES","BOVINOS","BOV-RESFRIADOS","RESF-BOVNO BIFE","ALCATRA BOV RESF BIFE            KG",91.2,750,684,5821,132466.19,13.22,48.07,13.22
1717,77392,"CARNES E AVES","CARNES","BOVINOS","BOV-RESFRIADOS","RESF-BOVNO BIFE","PATINHO BOV RESF BIFE            KG",81.77,746,610,2208,42495.25,10.43,5.56,5.56
1717,77521,"FRIOS TRANSFORMADOS","PEREC COMPLEMENTAR","QUEIJOS MANIPULADOS","QUEIJO MUSSARELA MANIPULADO","MUSSARELA FATIADA MANIPULADA","QJ MUSSARELA TIROLEZ LIGHT FATIADO",94.67,750,710,7679,99639.39,16.97,16.97,16.97
1717,77910,"FRIOS TRANSFORMADOS","PEREC COMPLEMENTAR","QUEIJOS MANIPULADOS","QUEIJO PRATO MANIPULADO","QUEIJO PRATO FATIADO MANIPULADO","QJ PRATO TIROLEZ LIGHT FATIADO",91.33,750,685,2441,35944.86,36.07,36.82,26.98
1717,78788,"CARNES E AVES","CARNES","AVES","AVES-RESFRIADAS","RESF - CORTES ESPECIAIS FRANGO","COXA SCOXA FGO S/PELE RESF KG",41.61,745,310,576,5745.12,22.75,36.39,22.75
1717,789,"CARNES E AVES","CARNES","BOVINOS","BOV-RESFRIADOS","RESF-MIUDO BOVINO","RABADA BOVINO  KG",57.64,746,430,1102,37924.16,42.17,41.92,36.26
1717,80095,"FRIOS TRANSFORMADOS","PEREC COMPLEMENTAR","FRIOS MANIPULADOS","FRIO ESPECIAL MANIPULADO","ESPECIALIDADE SUINO MANIPULADO","PALETA DEFUMADA CERATTI FAT",50.67,750,380,955,4568.21,37.81,46.92,36.12
1717,80132,"FRIOS TRANSFORMADOS","PEREC COMPLEMENTAR","FRIOS MANIPULADOS","FRIO ESPECIAL MANIPULADO","ESPECIALIDADE SUINO MANIPULADO","LOMBO CONDIMENTADO CERATTI FT",39.57,743,294,602,5338.11,5,15.99,5
1717,80347,"CARNES E AVES","CARNES","BOVINOS","BOV-RESFRIADOS","RESF-BOVINO CORTE ESPECIAL","LAGARTO BOVINO RESF EXTRA LIMPO KG",75.2,750,564,2944,101897.7,18.87,15.79,15.79
1717,81641,"CARNES E AVES","CARNES","BOVINOS","BOV-RESFRIADOS","RESF-BOVNO BIFE","COXAO DURO BOV RESF BIFE         KG",63.26,743,470,944,15511.33,33.32,32.66,32.35
1717,82587,"CARNES E AVES","CARNES","BOVINOS","BOV-RESFRIADOS","RESF-BOVINO CORTE ESPECIAL","CARNE P/ STROGONOFF DE COXAO MOLE",83.87,750,629,2884,63688.62,21.04,21.65,21.04
1717,826,"CARNES E AVES","CARNES","BOVINOS","BOV-RESFRIADOS","RESF-MIUDO BOVINO","BUCHO BOVINO  KG",54.77,745,408,632,7739.86,29.98,40.72,22.53
1717,8280,"CARNES E AVES","CARNES","BOVINOS","BOV-RESFRIADOS","RESF-BOVINO PEDACO","MUSCULO BOV RESF PEDACO          KG",95.33,750,715,7357,143658.01,21.24,20.87,20.87
1717,83379,"CARNES E AVES","CARNES","BOVINOS","BOV-RESFRIADOS","RESF-BOVINO CORTE ESPECIAL","BIFE PALHA LAGARTO BOV RESF KG",39.65,749,297,426,5685.64,15.33,13.23,13.23
1717,8440,"FRIOS TRANSFORMADOS","PEREC COMPLEMENTAR","FRIOS MANIPULADOS","FRIO ESPECIAL MANIPULADO","PRESUNTO COZIDO ESPECIAL MANIPULADO","PRES ROYALE SADIA FAT PTOP P",60.4,750,453,2154,27669.23,11.04,9.85,9.85
1717,84987,"FRIOS TRANSFORMADOS","PEREC COMPLEMENTAR","QUEIJOS MANIPULADOS","QUEIJO PRATO MANIPULADO","QUEIJO PRATO FATIADO MANIPULADO","QJ PRATO LIGHT BALKIS FATIADO",35.45,725,257,947,7006.91,12.49,18.12,12.49
1717,84994,"FRIOS TRANSFORMADOS","PEREC COMPLEMENTAR","FRIOS MANIPULADOS","FRIO ESPECIAL MANIPULADO","MORTADELA ESPECIAL MANIPULADA","MORT BAMBINA CERATTI FATIADA",4.05,296,12,12,70.82,5.49,5.49,3.95
1717,85601,"CARNES E AVES","CARNES","AVES","AVES-RESFRIADAS","RESF - CORTES ESPECIAIS FRANGO","SOBRECOXA FGO S/PELE RESF KG (PCTE)",99.07,750,743,12345,193440.98,12.35,10.26,10.26
1717,87247,"CARNES E AVES","CARNES","AVES","AVES-RESFRIADAS","RESF - FRANGO INTEIRO","FRANGO RESF (METADE)              K",18,750,135,167,1618.28,38.4,37.76,37.76
1717,88718,"CARNES E AVES","CARNES","BOVINOS","BOV-RESFRIADOS","RESF-BOVINO CORTE ESPECIAL","BIFE A MILANESA PATINHO BOV RESF KG",91.07,750,683,4580,75867.17,22.99,19.63,19.63
1717,888,"CARNES E AVES","CARNES","BOVINOS","BOV-RESFRIADOS","RESF-MIUDO BOVINO","BIFE FIGADO BOVINO   KG",66.53,750,499,1768,9079.22,54.52,50.24,50.24
1717,89135,"CARNES E AVES","CARNES","BOVINOS","BOV-RESFRIADOS","RESF-BOVINO CORTE ESPECIAL","CUBOS DE COXAO DURO BOV RESF      K",39.65,744,295,578,11249.12,31.88,10.68,10.68
1717,89326,"CARNES E AVES","CARNES","BOVINOS","BOV-RESFRIADOS","RESF-BOVINO CORTE ESPECIAL","PEIXINHO ESPECIAL BOV RESF       KG",19.65,738,145,203,4940.69,18.13,18.13,17.74
1717,89586,"FRIOS TRANSFORMADOS","PEREC COMPLEMENTAR","FRIOS MANIPULADOS","LINGUICA MANIPULADA","LINGUICA TOSCANA MANIPULADA","LING TOSCANA SEARA GNEL KG     9288",47.92,720,345,1640,17420.83,36.8,56.4,36.8
1717,901,"CARNES E AVES","CARNES","BOVINOS","BOV-RESFRIADOS","RESF-BOVINO CORTE ESPECIAL","FILE MIGNON BOV EXTRA LIMPO RESF KG",96.53,750,724,7774,399917.68,19.42,10.5,10.5
1717,92326,"FRIOS TRANSFORMADOS","PEREC COMPLEMENTAR","FRIOS MANIPULADOS","LINGUICA MANIPULADA","LINGUICA TOSCANA MANIPULADA","LING TOSCANA SADIA               KG",93.87,750,704,10565,117076.69,17.79,18.9,17.79
1717,92388,"CARNES E AVES","CARNES","AVES","AVES-RESFRIADAS","RESF - CORTES ESPECIAIS FRANGO","CUBOS DE PEITO FGO RESF P/FONDU  KG",51.47,748,385,1125,13524.82,29.51,32.21,29.51
1717,95877,"CARNES E AVES","CARNES","AVES","AVES-RESFRIADAS","RESF - CORTES ESPECIAIS FRANGO","BIFE DE FILE DE FRANGO RESF      KG",98,750,735,18265,226889.14,26.91,24.04,24.04
1717,9638,"FRIOS TRANSFORMADOS","PEREC COMPLEMENTAR","FRIOS MANIPULADOS","PRESUNTO MANIPULADO","APRESUNTADO MANIPULADO","APRESUNTADO SADIA FAT APRN",41.24,742,306,1049,3644.93,27.93,27.93,27.93
1717,97314,"CARNES E AVES","CARNES","BOVINOS","BOV-RESFRIADOS","RESF-BOVINO CORTE ESPECIAL","CUBOS FILE MIGNON                 K",80.77,749,605,1820,64150.41,37.75,37.93,37.75
1717,994996,"FRIOS TRANSFORMADOS","PEREC COMPLEMENTAR","FRIOS MANIPULADOS","SALSICHA MANIPULADA","SALSICHA HOT DOG E VIENA MANIPULADA","SALS HOT DOG PERDIGAO GNEL SHG   KG",35.43,748,265,1318,6741.18,50.57,66.51,50.57
1717,995795,"CARNES E AVES","CARNES","BOVINOS","BOV-RESFRIADOS","RESF-BOVINO CORTE ESPECIAL","SCALOPE FILE MIGNON BOV RESF     KG",98.27,750,737,11018,351759.45,16.82,12.62,12.62
