"COD_LOCAL","COD_PLU","DAT_DIA_CALEND","QTD_VENDA_PREVISAO_SISTEMA"
1729,30151,2019-07-14,0.3331
1302,52375,2019-07-14,5.5918
1717,77392,2019-07-14,0.3455
1302,50371,2019-07-14,4.965
1302,73486,2019-07-14,0.6221
1717,1809,2019-07-14,1.2677
1302,876612,2019-07-14,0.25
1302,13116,2019-07-14,2.6753
1717,471114,2019-07-14,1.5738
1717,31240,2019-07-14,6.8762
1729,98243,2019-07-14,0.1
1717,120975,2019-07-14,0.3844
1302,345989,2019-07-14,0.2082
1729,82587,2019-07-14,0.2902
1717,46503,2019-07-14,0.3798
1729,56854,2019-07-14,0.2463
1302,115582,2019-07-14,0.1603
1717,143745,2019-07-14,43.5018
1302,476140,2019-07-14,0.018
1717,488495,2019-07-14,8e-04
1717,12768,2019-07-14,0.4695
1302,468602,2019-07-14,2.4198
1302,12010,2019-07-14,0.3545
1717,131124,2019-07-14,9.772
1302,18715,2019-07-14,10.0134
1302,63357,2019-07-14,2.5516
1717,417457,2019-07-14,3.1474
1302,901,2019-07-14,0.7247
1717,12997,2019-07-14,0.8362
1302,465861,2019-07-14,1.0773
1717,82587,2019-07-14,2.1149
1729,5350490,2019-07-14,0.0664
1717,52474,2019-07-14,0.0369
1729,132145,2019-07-14,10.5783
1302,888,2019-07-14,10.2155
1729,73653,2019-07-14,0
1302,426947,2019-07-14,3.5126
1729,89135,2019-07-14,0.0805
1729,32537,2019-07-14,0.5161
1302,12614,2019-07-14,0.283
1729,471114,2019-07-14,1.1488
1302,61179,2019-07-14,6.8366
1729,102124,2019-07-14,0.1293
1302,40259,2019-07-14,0.6363
1717,16759,2019-07-14,0.9633
1302,32155,2019-07-14,9.1719
1302,440332,2019-07-14,0.5146
1717,62718,2019-07-14,1.1008
1302,95877,2019-07-14,2.4093
1729,69045,2019-07-14,0.0011
1302,9430,2019-07-14,7.6498
1717,1304,2019-07-14,5.0192
1717,36559,2019-07-14,0.2566
1302,280877,2019-07-14,0.3831
1302,31240,2019-07-14,2.8192
1717,473057,2019-07-14,2.8092
1717,169851,2019-07-14,116.861
1717,142724,2019-07-14,1.3243
1729,63173,2019-07-14,2.9325
1717,473163,2019-07-14,0.0151
1717,244640,2019-07-14,2.9306
1717,16087,2019-07-14,4.6126
1717,70942,2019-07-14,1.8798
1302,60066,2019-07-14,0.2773
1729,74667,2019-07-14,0.076
1302,41034,2019-07-14,5.6672
1729,60066,2019-07-14,0.1706
1717,871099,2019-07-14,2.4994
1717,57288,2019-07-14,0.2425
1302,128681,2019-07-14,0.413
1717,995108,2019-07-14,0.7241
1302,81641,2019-07-14,0.7183
1729,95921,2019-07-14,0.7902
1302,92388,2019-07-14,0.2253
1717,77910,2019-07-14,0.6398
1729,376,2019-07-14,2.6469
1717,54690,2019-07-14,0.3701
1302,73127,2019-07-14,5e-04
1302,105491,2019-07-14,1.3752
1302,37051,2019-07-14,0.2711
1302,11662,2019-07-14,1.0104
1302,119993,2019-07-14,0.6959
1729,314367,2019-07-14,1.6703
1729,25331,2019-07-14,0.1966
1729,483964,2019-07-14,0.0018
1717,6668,2019-07-14,4.48
1717,280877,2019-07-14,0.077
1729,420,2019-07-15,0
1717,52542,2019-07-14,1.8422
1729,10993,2019-07-14,3e-04
1729,40372,2019-07-14,2.2052
1717,473088,2019-07-14,0.384
1729,12249,2019-07-14,1.988
1302,140195,2019-07-14,1.2751
1729,105491,2019-07-14,0.2636
1717,86103,2019-07-14,0.2216
1729,5029,2019-07-14,4.3861
1302,465670,2019-07-14,0
1717,789,2019-07-14,2.5873
1302,89326,2019-07-14,0.7059
1302,10924,2019-07-14,0.8554
1717,171908,2019-07-14,4e-04
1729,86103,2019-07-14,0.0378
1717,426947,2019-07-14,1.5438
1302,56854,2019-07-14,0.7207
1302,465717,2019-07-14,3.0646
1717,321600,2019-07-14,0.3476
1717,135184,2019-07-14,0.5032
1729,54690,2019-07-14,0.2987
1717,888,2019-07-14,1.5539
1717,95389,2019-07-14,1.3229
1302,465823,2019-07-14,0.1563
1717,81641,2019-07-14,0.3763
1302,52351,2019-07-14,1.5089
1729,12997,2019-07-14,0.3342
1717,40372,2019-07-14,4.4606
1302,8440,2019-07-14,0.2304
1717,417402,2019-07-14,1.0846
1717,74667,2019-07-14,0
1302,1335,2019-07-14,2.4119
1717,60066,2019-07-14,0
1302,418492,2019-07-14,1.8136
1729,11662,2019-07-14,0.2058
1717,345538,2019-07-14,0.0015
1302,441384,2019-07-14,0.0071
1729,617987,2019-07-14,0.0135
1717,73318,2019-07-14,3.1789
1302,37341,2019-07-14,1.2724
1302,119979,2019-07-14,0.2115
1729,102162,2019-07-14,0.4184
1302,471114,2019-07-14,4e-04
1717,1250,2019-07-14,0.4392
1717,65795,2019-07-14,0.0856
1729,66860,2019-07-14,0.4057
1302,86103,2019-07-14,2.1747
1717,28202,2019-07-14,8.6594
1717,62749,2019-07-14,0.4317
1302,468589,2019-07-14,6.059
1717,63357,2019-07-14,0.3794
1717,83379,2019-07-14,0.115
1302,84987,2019-07-14,0.3653
1729,44349,2019-07-14,21.5518
1717,9638,2019-07-14,0.1931
1729,52924,2019-07-14,0.8892
1302,19095,2019-07-14,0.2051
1302,52955,2019-07-14,0.4446
1302,4820833,2019-07-14,38.2524
1729,426947,2019-07-14,0.45
1302,488495,2019-07-14,1.8862
1717,128100,2019-07-14,1.7379
1729,471138,2019-07-14,2.9359
1302,364010,2019-07-14,0.3652
1717,11099,2019-07-14,1.2831
1302,473279,2019-07-14,3.088
1302,6668,2019-07-14,1.4333
1302,12249,2019-07-14,5.9394
1729,61315,2019-07-14,0.0181
1302,57059,2019-07-14,0
1717,472371,2019-07-14,1.061
1729,150903,2019-07-14,0.1449
1729,1733402,2019-07-14,1.1539
1729,52375,2019-07-14,6.8044
1302,76395,2019-07-14,0
1302,119948,2019-07-14,1.357
1302,314367,2019-07-14,13.4936
1729,10924,2019-07-14,0.0327
1729,12614,2019-07-14,0.1858
1717,62572,2019-07-14,7.3769
1302,79389,2019-07-14,1.6698
1729,16087,2019-07-14,0.3213
1717,994996,2019-07-14,1.3551
1717,417372,2019-07-14,0.0135
1302,1915,2019-07-14,0.1226
1717,287739,2019-07-14,1.2153
1302,95389,2019-07-14,3.6552
1717,364010,2019-07-14,0.0214
1302,35392,2019-07-14,2.5873
1302,995795,2019-07-14,0.1654
1729,46510,2019-07-14,0.022
1729,8440,2019-07-14,0.3762
1717,15059,2019-07-14,11.6957
1302,1298,2019-07-14,0.3107
1729,4820826,2019-07-14,10.9055
1717,58650,2019-07-14,0.0225
1729,93002,2019-07-14,0.5318
1302,995108,2019-07-14,1.4967
1729,30533,2019-07-14,0.3965
1729,31240,2019-07-14,0.7915
1302,287739,2019-07-14,2.072
1717,1311,2019-07-14,7.3152
1729,70942,2019-07-14,0.2366
1717,472715,2019-07-14,0.5647
1302,4820826,2019-07-14,35.6403
1302,468596,2019-07-14,5.4688
1729,150897,2019-07-14,0.123
1302,135160,2019-07-14,1.0572
1729,447713,2019-07-14,2e-04
1729,102100,2019-07-14,0.8403
1717,98113,2019-07-14,0.0091
1302,465656,2019-07-14,0
1729,128728,2019-07-14,0.1485
1717,473095,2019-07-14,7.102
1717,66136,2019-07-14,0.9848
1717,55635,2019-07-14,0.3053
1302,121507,2019-07-14,0.8143
1717,92388,2019-07-14,1.0596
1302,466776,2019-07-14,2.5283
1302,41027,2019-07-14,2.5895
1729,34500,2019-07-14,31.4596
1302,14892,2019-07-14,0.0336
1302,80095,2019-07-14,0.1905
1717,37839,2019-07-14,0.7191
1717,71727,2019-07-14,0.1883
1717,32087,2019-07-14,0.0182
1717,92326,2019-07-14,14.7384
1302,42123,2019-07-14,0.06
1302,74773,2019-07-14,0.0414
1302,473330,2019-07-14,0.9036
1717,95747,2019-07-14,0.274
1717,352,2019-07-14,1.2059
1302,11068,2019-07-14,0.9126
1717,10238,2019-07-14,0.3155
1302,489584,2019-07-14,0.0198
1717,826,2019-07-14,0.6348
1717,216944,2019-07-14,0
1302,128728,2019-07-14,0.0055
1729,18715,2019-07-14,1.2457
1302,536,2019-07-14,0.0846
1302,331784,2019-07-14,1.3984
1302,151023,2019-07-14,2.5694
1717,471053,2019-07-14,3.0068
1302,19934,2019-07-14,1.4876
1717,264051,2019-07-14,0.7468
1729,59985,2019-07-14,16.4959
1729,66136,2019-07-14,2.2714
1302,9201,2019-07-14,4.1512
1717,12010,2019-07-14,1.8245
1717,472173,2019-07-14,0.7818
1729,32155,2019-07-14,0.6654
1717,11280,2019-07-14,0.2929
1717,37051,2019-07-14,0.264
1302,11945,2019-07-14,0.5004
1729,92326,2019-07-14,25.0052
1717,435833,2019-07-14,0.1773
1729,412575,2019-07-14,1.275
1302,441377,2019-07-14,0.0626
1717,84994,2019-07-14,0.0069
1729,263986,2019-07-14,0
1729,11945,2019-07-14,0.3313
1717,737272,2019-07-14,5.2241
1729,888,2019-07-14,5.4174
1717,472548,2019-07-14,0.8881
1729,41041,2019-07-14,0.6714
1717,95877,2019-07-14,19.8959
1302,54300,2019-07-14,0.0037
1729,352,2019-07-14,0.0684
1302,52924,2019-07-14,6.1155
1717,52924,2019-07-14,1.6268
1717,63210,2019-07-14,8.212
1729,9638,2019-07-14,0.0624
1302,222945,2019-07-14,0.1877
1717,472630,2019-07-14,0.6656
1302,98243,2019-07-14,1.6265
1302,9638,2019-07-14,1.0249
1717,472654,2019-07-14,0.7298
1717,52375,2019-07-14,4.6021
1717,87247,2019-07-14,0.4221
1717,89326,2019-07-14,0.2453
1729,209366,2019-07-14,4.0924
1717,37341,2019-07-14,0.4079
1717,473064,2019-07-14,0.1153
1729,77910,2019-07-14,0.0532
1302,465960,2019-07-14,0.3468
1729,42659,2019-07-14,6.2507
1302,120005,2019-07-14,0.995
1717,11945,2019-07-14,0.4287
1717,25645,2019-07-14,1.3042
1717,489584,2019-07-14,0.245
1729,50371,2019-07-14,0.2687
1302,77231,2019-07-14,3.8814
1717,78788,2019-07-14,1.0932
1302,44912,2019-07-14,13.8383
1717,74896,2019-07-14,0.3342
1302,36559,2019-07-14,3.158
1717,18449,2019-07-15,0.0032
1302,465694,2019-07-14,0.0531
1717,61643,2019-07-14,1.6432
1729,471091,2019-07-14,2.7547
1717,6884406,2019-07-14,0.0224
1302,131124,2019-07-14,9.3631
1717,18715,2019-07-14,2.5625
1717,5029,2019-07-14,16.9116
1729,63357,2019-07-14,0.791
1717,38997,2019-07-14,0.6652
1302,65535,2019-07-14,1.5473
1729,473712,2019-07-14,0.2745
1717,73653,2019-07-14,1.3668
1302,119986,2019-07-14,0.9423
1729,400947,2019-07-14,4e-04
1717,25188,2019-07-14,2.1739
1302,1311,2019-07-14,14.7359
1717,80132,2019-07-14,0.178
1717,473736,2019-07-14,0.7462
1302,84994,2019-07-14,1.2023
1729,51705,2019-07-14,3.0061
1302,5029,2019-07-14,5.4272
1302,30533,2019-07-14,2.4168
1729,421935,2019-07-14,122.4152
1729,1281,2019-07-14,1.5418
1729,102209,2019-07-14,0.3766
1302,331623,2019-07-14,0.1287
1717,161091,2019-07-14,0.2882
1302,46510,2019-07-14,2.9073
1302,11099,2019-07-14,0.5453
1302,8280,2019-07-14,0.2503
1729,44189,2019-07-14,0.1682
1729,229692,2019-07-14,6e-04
1729,49771,2019-07-14,0.2138
1717,14892,2019-07-14,0.0232
1717,175357,2019-07-14,3.0234
1302,49771,2019-07-14,0.8041
1302,1391831,2019-07-14,0.0364
1729,442961,2019-07-14,0.3894
1717,54300,2019-07-14,0.0062
1717,54270,2019-07-14,0.0327
1717,40648,2019-07-14,0.0377
1302,69045,2019-07-14,1.6787
1302,89135,2019-07-14,0.6493
1717,1915,2019-07-14,5.8962
1302,95921,2019-07-14,5.4188
1302,66860,2019-07-14,0.8679
1729,19934,2019-07-14,0.0668
1302,85601,2019-07-14,0.0534
1717,139465,2019-07-14,1.5527
1302,12775,2019-07-14,5.7904
1302,12768,2019-07-14,0.6817
1302,38997,2019-07-14,2.9505
1302,1250,2019-07-14,1.1994
1729,30151,2019-07-15,0.5854
1717,12775,2019-07-14,24.5048
1717,77392,2019-07-15,0.3814
1302,50371,2019-07-15,4.4208
1717,287944,2019-07-14,0.1043
1717,4869092,2019-07-14,13.9996
1302,876612,2019-07-15,0.1906
1302,357111,2019-07-15,0.0889
1717,471114,2019-07-15,1.0703
1717,31240,2019-07-15,4.8448
1302,40648,2019-07-14,6e-04
1302,473224,2019-07-14,1.2823
1302,345989,2019-07-15,0.2034
1717,448284,2019-07-14,0.4524
1729,15059,2019-07-14,1.5627
1302,88718,2019-07-14,0.4327
1302,115643,2019-07-14,1.4701
1729,66389,2019-07-14,0.5321
1302,62572,2019-07-14,7.7203
1717,488495,2019-07-15,4e-04
1729,143745,2019-07-14,8.8989
1717,151023,2019-07-14,0.7674
1302,12010,2019-07-15,0.2214
1717,131124,2019-07-15,6.8781
1302,1854,2019-07-14,0.0598
1729,84086,2019-07-14,0.4263
1717,1281,2019-07-14,3.7619
1717,16926,2019-07-14,4.4667
1717,414630,2019-07-14,0.3218
1302,465861,2019-07-15,0.9543
1717,82587,2019-07-15,1.9935
1729,5350490,2019-07-15,0.0202
1717,222945,2019-07-14,0.3748
1302,79815,2019-07-14,1.9357
1717,74612,2019-07-14,1.0714
1729,378055,2019-07-14,0.8578
1717,16339,2019-07-14,1.6957
1729,52542,2019-07-14,20.597
1302,139465,2019-07-14,3.8151
1717,12614,2019-07-14,0.3746
1717,280860,2019-07-14,0.4019
1302,120951,2019-07-14,2.867
1717,280822,2019-07-14,0.241
1302,40259,2019-07-15,0.4893
1717,10528,2019-07-14,6.1085
1717,77231,2019-07-14,1.4876
1717,11662,2019-07-14,0.4008
1302,87247,2019-07-14,0.0975
1302,77910,2019-07-14,0.1156
1302,42338,2019-07-14,0.0717
1717,472326,2019-07-14,1.1851
1302,15059,2019-07-14,0.9133
1729,468602,2019-07-14,0.0028
1717,472807,2019-07-14,2.62
1717,439626,2019-07-14,0.9831
1302,73653,2019-07-14,0.0181
1717,61179,2019-07-14,1.602
1717,435994,2019-07-14,0.4218
1302,280822,2019-07-14,0.5331
1717,473163,2019-07-15,0.006
1717,244640,2019-07-15,1.9867
1717,16087,2019-07-15,3.2505
1729,37341,2019-07-14,0.7143
1729,83478,2019-07-14,0
1729,25188,2019-07-14,0.3984
1717,417488,2019-07-14,5.2242
1729,60066,2019-07-15,0.1323
1717,54003,2019-07-14,2.3333
1717,473071,2019-07-14,0.1159
1302,447003,2019-07-14,5.2808
1302,871099,2019-07-14,2.6637
1302,81641,2019-07-15,0.4535
1729,95921,2019-07-15,0.5116
1302,92388,2019-07-15,0.1469
1729,468596,2019-07-14,0.0056
1302,352,2019-07-14,0.2385
1717,54690,2019-07-15,0.3363
1302,209366,2019-07-14,12.4136
1302,46503,2019-07-14,0.0445
1302,37051,2019-07-15,0.1801
1302,244640,2019-07-14,1.8638
1302,119993,2019-07-15,0.6163
1729,314367,2019-07-15,1.0814
1729,25331,2019-07-15,0.1199
1729,483964,2019-07-15,6e-04
1302,54270,2019-07-14,0.1389
1302,216760,2019-07-14,0
1729,420,2019-07-16,0
1302,378055,2019-07-14,3.1834
1302,447713,2019-07-14,0.0885
1729,8280,2019-07-14,0.4719
1717,417495,2019-07-14,4.6322
1717,901,2019-07-14,6.2967
1302,140195,2019-07-15,1.2157
1717,472418,2019-07-14,4.9245
1729,280860,2019-07-14,0.0126
1717,471145,2019-07-14,1.5914
1302,789,2019-07-14,9.0185
1302,99165,2019-07-14,3.0187
1717,473040,2019-07-14,5.1486
1302,10924,2019-07-15,0.7993
1717,464703,2019-07-14,0.0776
1717,47197,2019-07-14,0.8373
1302,471138,2019-07-14,2.9895
1302,56854,2019-07-15,0.4599
1302,488402,2019-07-14,3.3065
1717,321600,2019-07-15,0.1623
1729,150927,2019-07-14,0.1125
1717,471121,2019-07-14,1.2128
1302,264051,2019-07-14,0.0621
1729,1311,2019-07-14,3.5141
1302,465823,2019-07-15,0.1351
1717,81641,2019-07-15,0.4177
1302,77392,2019-07-14,1.89
1729,244466,2019-07-14,0.3706
1717,40372,2019-07-15,2.3866
1717,995795,2019-07-14,7.4016
1302,473323,2019-07-14,2.5841
1729,994996,2019-07-14,7.5318
1302,1335,2019-07-15,2.8859
1302,421935,2019-07-14,118.6874
1302,471053,2019-07-14,6.0754
1729,441209,2019-07-14,2.2339
1717,345538,2019-07-15,0.0018
1302,441384,2019-07-15,0.0079
1729,617987,2019-07-15,0.0091
1302,441360,2019-07-14,0.0383
1302,37341,2019-07-15,0.8454
1302,119979,2019-07-15,0.1895
1717,11068,2019-07-14,0.2262
1302,439626,2019-07-14,2.5357
1717,30533,2019-07-14,1.9238
1302,802,2019-07-14,0.5134
1729,1250,2019-07-14,0.146
1729,39345,2019-07-14,1.4122
1717,28202,2019-07-15,7.15
1717,62749,2019-07-15,0.175
1717,471091,2019-07-14,1.0043
1729,612616,2019-07-14,0.0304
1717,383,2019-07-14,0.1209
1302,84987,2019-07-15,0.3204
1717,60769,2019-07-14,0.1676
1729,494595,2019-07-14,0.0192
1729,52924,2019-07-15,0.5789
1717,472111,2019-07-14,1.1524
1302,12881,2019-07-14,0.0399
1302,208,2019-07-14,27.215
1717,216760,2019-07-14,0.0768
1302,10191,2019-07-14,6.6141
1717,128100,2019-07-15,0.8112
1729,63210,2019-07-14,0.2583
1729,995108,2019-07-14,0.2341
1717,11099,2019-07-15,1.4275
1302,473279,2019-07-15,2.7357
1717,209366,2019-07-14,9.8864
1302,12249,2019-07-15,4.7081
1729,144919,2019-07-14,5e-04
1729,23634,2019-07-14,8e-04
1302,494595,2019-07-14,0.7921
1729,150903,2019-07-15,0.1483
1729,1733402,2019-07-15,0.3379
1717,84987,2019-07-14,0.1477
1729,441148,2019-07-14,0.3111
1302,119948,2019-07-15,1.2194
1729,79389,2019-07-14,1.4291
1717,473156,2019-07-14,0.8962
1729,80095,2019-07-14,0.0257
1302,132145,2019-07-14,21.2695
1302,150897,2019-07-14,0.1901
1729,16087,2019-07-15,0.3214
1717,10924,2019-07-14,0.1271
1717,417372,2019-07-15,0.0053
1302,64729,2019-07-14,4.9014
1729,120975,2019-07-14,0
1302,95389,2019-07-15,2.4671
1302,471121,2019-07-14,2.8961
1717,24297,2019-07-14,0.445
1302,348270,2019-07-14,0.1515
1729,46510,2019-07-15,0.0143
1302,28202,2019-07-14,2.6873
1729,263702,2019-07-14,0.5744
1302,1298,2019-07-15,0.1453
1302,5678,2019-07-14,0
1717,58650,2019-07-15,0.0212
1729,93002,2019-07-15,0.3245
1717,440905,2019-07-14,0.0207
1729,435994,2019-07-14,3e-04
1729,99165,2019-07-14,0.1636
1302,287739,2019-07-15,1.7772
1717,1311,2019-07-15,6.0502
1717,280884,2019-07-14,0.2037
1717,472715,2019-07-15,0.2233
1302,4820826,2019-07-15,28.4654
1302,468596,2019-07-15,3.6626
1717,617987,2019-07-14,0.272
1717,25331,2019-07-14,0.3977
1729,447713,2019-07-15,2e-04
1717,3211984,2019-07-14,0.0961
1717,98113,2019-07-15,0.0038
1729,6668,2019-07-14,1.7113
1729,4820833,2019-07-14,9.9334
1717,473095,2019-07-15,2.791
1729,77231,2019-07-14,3.0174
1302,140379,2019-07-14,1.3883
1717,54294,2019-07-14,0.001
1717,92388,2019-07-15,0.9516
1302,1733402,2019-07-14,1.1718
1302,39345,2019-07-14,1.4233
1729,34500,2019-07-15,10.9848
1302,465816,2019-07-14,0
1717,244466,2019-07-14,1.4947
1729,18449,2019-07-14,5.4324
1729,335751,2019-07-14,0.1316
1717,74209,2019-07-14,0.583
1717,8280,2019-07-14,10.722
1302,30151,2019-07-14,0.2679
1302,74773,2019-07-15,0.0357
1302,345668,2019-07-14,0.1064
1302,476171,2019-07-14,4e-04
1302,121491,2019-07-14,0.0847
1302,67263,2019-07-14,4.0073
1717,471138,2019-07-14,3.2881
1729,81641,2019-07-14,0.978
1717,826,2019-07-15,0.3667
1717,216944,2019-07-15,0
1302,473316,2019-07-14,0.5216
1302,335751,2019-07-14,1.0519
1302,10528,2019-07-14,6.0847
1302,63173,2019-07-14,6.078
1302,151023,2019-07-15,2.7286
1302,120036,2019-07-14,0.1332
1717,335751,2019-07-14,0.4363
1717,264051,2019-07-15,0.6163
1729,998734,2019-07-14,0.0018
1729,66136,2019-07-15,1.6969
1302,9201,2019-07-15,2.7779
1729,471145,2019-07-14,0.8266
1717,472173,2019-07-15,0.307
1302,143745,2019-07-14,9.9635
1729,802,2019-07-14,0.3604
1717,37051,2019-07-15,0.1447
1717,3440018,2019-07-14,8.2133
1729,11068,2019-07-14,1.1258
1302,488624,2019-07-14,0.9841
1729,95877,2019-07-14,1.0654
1729,143981,2019-07-14,0.015
1717,10191,2019-07-14,11.2481
1302,465830,2019-07-14,7.9095
1729,131124,2019-07-14,2.0262
1729,277,2019-07-14,0.1997
1729,536,2019-07-14,0.1624
1717,472548,2019-07-15,0.3501
1729,67263,2019-07-14,0.8678
1717,472562,2019-07-14,1.7296
1717,472814,2019-07-14,0.1145
1729,352,2019-07-15,0.0613
1302,52924,2019-07-15,4.7335
1717,94740,2019-07-14,2.4619
1302,16339,2019-07-14,8.6581
1729,9638,2019-07-15,0.0268
1729,345538,2019-07-14,0.0145
1717,472630,2019-07-15,0.2623
1729,9201,2019-07-14,0.0025
1717,42338,2019-07-14,0.3075
1729,139465,2019-07-14,0.754
1717,52375,2019-07-15,1.8734
1717,87247,2019-07-15,0.4704
1717,89326,2019-07-15,0.2309
1717,19095,2019-07-14,0.4787
1302,471091,2019-07-14,21.45
1729,826,2019-07-14,0.388
1729,77910,2019-07-15,0.0598
1729,16759,2019-07-14,2.795
1302,15417,2019-07-14,3.201
1302,120005,2019-07-15,0.8806
1717,11945,2019-07-15,0.2361
1302,24297,2019-07-14,3.087
1717,489584,2019-07-15,0.2755
1717,472753,2019-07-14,0.9773
1729,24297,2019-07-14,2.2389
1729,36559,2019-07-14,3.1464
1717,417419,2019-07-14,3.2431
1302,473293,2019-07-14,0.0529
1302,36559,2019-07-15,0.7015
1717,18449,2019-07-16,0.0032
1302,70942,2019-07-14,8.2586
1302,55635,2019-07-14,0.0165
1302,44189,2019-07-14,0.1722
1717,6884406,2019-07-15,0.0124
1717,80347,2019-07-14,1.2878
1717,140652,2019-07-14,0.2318
1302,280884,2019-07-14,0.8334
1717,170864,2019-07-14,0.0147
1717,444,2019-07-14,0.535
1302,65535,2019-07-15,1.4403
1729,473712,2019-07-15,0.1673
1717,73653,2019-07-15,1.2895
1729,88718,2019-07-14,0.2417
1729,400947,2019-07-15,5e-04
1717,15417,2019-07-14,1.0358
1302,1311,2019-07-15,14.2
1302,98076,2019-07-14,0
1717,75183,2019-07-14,0.6775
1302,82587,2019-07-14,0.8737
1302,93002,2019-07-14,0.5433
1302,473248,2019-07-14,1.5833
1717,128698,2019-07-14,0.6874
1717,13116,2019-07-14,6.3571
1729,1281,2019-07-15,1.9022
1717,44189,2019-07-14,1.6936
1302,441209,2019-07-14,2.822
1717,88718,2019-07-14,2.3408
1302,46510,2019-07-15,2.2357
1717,89135,2019-07-14,0.5239
1302,54294,2019-07-14,1.8616
1717,41041,2019-07-14,17.0234
1729,229692,2019-07-15,0.0011
1729,49771,2019-07-15,0.2039
1729,77224,2019-07-14,2.5005
1717,175357,2019-07-15,1.4268
1717,57059,2019-07-14,20.4056
1302,1391831,2019-07-15,0.0368
1729,442961,2019-07-15,0.3319
1717,8440,2019-07-14,0.745
1717,44349,2019-07-14,4.6618
1717,40648,2019-07-15,0.0213
1717,3212028,2019-07-14,0.0458
1302,61315,2019-07-14,0.6662
1717,1915,2019-07-15,5.5816
1302,95921,2019-07-15,4.167
1302,472807,2019-07-14,1.7425
1729,16926,2019-07-14,1.3445
1302,331715,2019-07-14,0.1852
1717,77521,2019-07-14,4.0083
1302,12775,2019-07-15,4.4881
1302,12768,2019-07-15,0.5284
1729,23986,2019-07-14,0.021
1302,1250,2019-07-15,1.1286
1729,30151,2019-07-16,0.7706
1302,52375,2019-07-15,4.9863
1717,77392,2019-07-16,0.3782
1302,50371,2019-07-16,42.6937
1302,483056,2019-07-14,0.8369
1717,417389,2019-07-14,5.836
1302,876612,2019-07-16,0.3483
1302,13116,2019-07-15,1.7171
1717,471114,2019-07-16,0.8296
1717,31240,2019-07-16,4.8931
1729,98243,2019-07-15,0.0433
1717,120975,2019-07-15,0.237
1302,345989,2019-07-16,0.2925
1729,82587,2019-07-15,0.2795
1717,46503,2019-07-15,0.2245
1302,44349,2019-07-14,20.255
1302,63906,2019-07-14,1.3309
1717,143745,2019-07-15,23.9555
1302,476140,2019-07-15,0.0146
1717,488495,2019-07-16,5e-04
1717,140195,2019-07-14,1.2659
1717,473149,2019-07-14,2.1984
1302,12010,2019-07-16,0.3743
1717,131124,2019-07-16,6.9468
1302,18715,2019-07-15,7.7002
1302,420,2019-07-14,0.0289
1302,42659,2019-07-14,4.4717
1717,25812,2019-07-14,0.4046
1302,41041,2019-07-14,0.2561
1302,465861,2019-07-16,1.1573
1717,82587,2019-07-16,1.5499
1729,5350490,2019-07-16,0.0168
1717,52474,2019-07-15,0.0171
1729,12010,2019-07-14,0.9396
1717,42659,2019-07-14,8.0027
1717,472449,2019-07-14,1.4772
1302,426947,2019-07-15,2.7011
1302,277,2019-07-14,0.8948
1302,66389,2019-07-14,5.6463
1729,71727,2019-07-14,0
1729,471114,2019-07-15,0.6178
1302,61179,2019-07-15,5.9998
1729,102124,2019-07-15,0.0789
1302,40259,2019-07-16,0.6021
1717,16759,2019-07-15,0.68
1302,32155,2019-07-15,7.0531
1302,97314,2019-07-14,0.0019
1717,42123,2019-07-14,0.3679
1302,95877,2019-07-15,1.5709
1729,69045,2019-07-15,4e-04
1729,98113,2019-07-14,0.1317
1717,1304,2019-07-15,4.7575
1717,3440087,2019-07-14,95.5539
1302,280877,2019-07-15,0.3817
1302,31240,2019-07-15,2.2055
1302,80132,2019-07-14,0.2002
1717,46060,2019-07-14,1.7732
1729,54294,2019-07-14,0.2006
1729,263733,2019-07-14,0.4535
1717,473163,2019-07-16,0.0067
1717,244640,2019-07-16,1.5398
1717,16087,2019-07-16,3.283
1717,70942,2019-07-15,1.2664
1302,303040,2019-07-14,0.9369
1729,74667,2019-07-15,0.0938
1302,120975,2019-07-14,0
1729,60066,2019-07-16,0.5267
1717,345989,2019-07-14,0.2233
1717,57288,2019-07-15,0.1386
1302,128681,2019-07-15,0.3555
1717,995108,2019-07-15,0.5116
1302,81641,2019-07-16,0.8107
1729,95921,2019-07-16,0.629
1302,92388,2019-07-16,0.1955
1717,77910,2019-07-15,0.4078
1729,376,2019-07-15,2.083
1717,68765,2019-07-16,0
1302,73127,2019-07-15,6e-04
1729,441162,2019-07-14,0.3352
1302,37051,2019-07-16,0.1876
1729,471121,2019-07-14,4.6702
1302,119993,2019-07-16,0.7474
1729,314367,2019-07-16,1.3296
1729,25331,2019-07-16,0.168
1729,483964,2019-07-16,0.0018
1717,6668,2019-07-15,3.6991
1302,418614,2019-07-14,0.3147
1729,420,2019-07-17,0
1717,331715,2019-07-14,1.0765
1729,10993,2019-07-15,1e-04
1729,40372,2019-07-15,1.6425
1717,473088,2019-07-15,0.1505
1729,12249,2019-07-15,1.9562
1302,140195,2019-07-16,2.2653
1717,44776,2019-07-14,0.0372
1717,86103,2019-07-15,0.1507
1729,5029,2019-07-15,5.4113
1302,789,2019-07-15,8.4863
1729,303040,2019-07-14,0.11
1302,89326,2019-07-15,0.3313
1302,10924,2019-07-16,0.667
1302,16926,2019-07-14,0.4575
1302,115636,2019-07-14,2.0368
1717,426947,2019-07-15,0.9288
1302,56854,2019-07-16,0.8221
1302,994996,2019-07-14,53.3903
1717,321600,2019-07-16,0.1918
1717,135184,2019-07-15,0.3413
1729,54690,2019-07-15,0.2856
1717,888,2019-07-15,0.8973
1302,25188,2019-07-14,7.1856
1302,465823,2019-07-16,0.1639
1717,81641,2019-07-16,0.4143
1302,52351,2019-07-15,1.3037
1302,25645,2019-07-14,1.1436
1717,40372,2019-07-16,2.1675
1717,59985,2019-07-14,3.9807
1717,420,2019-07-14,5.8605
1729,62572,2019-07-14,3.401
1302,1335,2019-07-16,6.4423
1302,421935,2019-07-15,103.0731
1729,466776,2019-07-14,0.8846
1729,52559,2019-07-14,0.0326
1717,345538,2019-07-16,0.0014
1302,441384,2019-07-16,0.0083
1729,617987,2019-07-16,0.0203
1302,435994,2019-07-14,0.2269
1302,37341,2019-07-16,0.8803
1302,119979,2019-07-16,0.2298
1302,59985,2019-07-14,6.8299
1302,98113,2019-07-14,0.8324
1729,32087,2019-07-14,4e-04
1717,65795,2019-07-15,0.0613
1729,66860,2019-07-15,0.2513
1302,86103,2019-07-15,1.8925
1717,28202,2019-07-16,7.4225
1717,62749,2019-07-16,0.1615
1717,46930,2019-07-14,0.2625
1717,63357,2019-07-15,0.3404
1717,83379,2019-07-15,0.1092
1302,84987,2019-07-16,0.3069
1729,65795,2019-07-14,1.0906
1717,9638,2019-07-15,0.3374
1729,52924,2019-07-16,0.7118
1302,19095,2019-07-15,0.1294
1302,483964,2019-07-14,1.6497
1302,4820833,2019-07-15,30.5788
1729,28202,2019-07-14,2.1099
1302,488495,2019-07-15,2.0734
1717,128100,2019-07-16,0.9586
1717,376,2019-07-14,3.9429
1729,32629,2019-07-14,3.3183
1717,11099,2019-07-16,1.4157
1302,473279,2019-07-16,3.3176
1302,1304,2019-07-14,0.3618
1302,12249,2019-07-16,9.89
1729,87247,2019-07-14,2.366
1717,61315,2019-07-14,3.8585
1717,345668,2019-07-14,0.0465
1729,150903,2019-07-16,0.1737
1729,1733402,2019-07-16,0.2816
1729,52375,2019-07-15,5.0251
1717,341257,2019-07-14,0.8294
1302,119948,2019-07-16,1.4787
1302,83478,2019-07-14,2.168
1302,10238,2019-07-14,0.0973
1729,57288,2019-07-14,0.0101
1302,16759,2019-07-14,41.6363
1302,79389,2019-07-15,1.5841
1729,16087,2019-07-16,0.4321
1729,157896,2019-07-14,0.0317
1717,417372,2019-07-16,0.006
1302,1915,2019-07-15,0.0575
1302,77484,2019-07-14,1.0316
1302,95389,2019-07-16,2.9272
1729,32704,2019-07-14,0.1597
1729,89586,2019-07-14,0.1078
1729,208,2019-07-14,3.1971
1729,46510,2019-07-16,0.0176
1302,52542,2019-07-14,15.5269
1302,23986,2019-07-14,0.1693
1302,1298,2019-07-16,0.1919
1729,16339,2019-07-14,6.5033
1717,58650,2019-07-16,0.0165
1729,93002,2019-07-16,0.4546
1302,995108,2019-07-15,1.0727
1729,30533,2019-07-15,0.2566
1717,49771,2019-07-14,4.477
1302,287739,2019-07-16,2.3437
1717,1311,2019-07-16,6.2808
1729,789,2019-07-14,1.1758
1717,472715,2019-07-16,0.2502
1302,4820826,2019-07-16,31.0579
1302,468596,2019-07-16,3.9442
1729,150897,2019-07-15,0.1263
1717,51705,2019-07-14,17.8716
1729,447713,2019-07-16,7e-04
1729,102100,2019-07-15,0.5129
1717,98113,2019-07-16,0.0157
1729,6668,2019-07-15,1.4304
1729,128728,2019-07-15,0.092
1717,473095,2019-07-16,3.1282
1717,66136,2019-07-15,0.5276
1717,55635,2019-07-15,0.1804
1729,89326,2019-07-14,0.1496
1717,92388,2019-07-16,0.6484
1302,473231,2019-07-14,0.7312
1302,41027,2019-07-15,2.234
1729,34500,2019-07-16,7.1149
1302,216944,2019-07-14,0.1577
1717,52559,2019-07-14,0.6733
1717,1573954,2019-07-14,4.2558
1717,473170,2019-07-14,0.0804
1717,32087,2019-07-15,0.0077
1302,263986,2019-07-14,1.3171
1302,68765,2019-07-14,27.1362
1302,74773,2019-07-16,0.0347
1717,417433,2019-07-14,8.5659
1717,95747,2019-07-15,0.1936
1717,447713,2019-07-14,0.5725
1302,11068,2019-07-15,1.4542
1717,998734,2019-07-14,0.0119
1717,263757,2019-07-14,0.3271
1717,826,2019-07-16,0.5631
1717,216944,2019-07-16,0
1717,80095,2019-07-14,0.3605
1729,287739,2019-07-14,9e-04
1729,83379,2019-07-14,0.0038
1729,10191,2019-07-14,0.3194
1302,151023,2019-07-16,3.3908
1717,471053,2019-07-15,1.3554
1302,19934,2019-07-15,0.97
1717,264051,2019-07-16,0.5607
1729,216944,2019-07-14,0.0052
1729,66136,2019-07-16,2.2059
1302,9201,2019-07-16,2.9915
1717,44912,2019-07-14,14.3651
1717,472173,2019-07-16,0.3441
1302,89586,2019-07-14,8.3712
1729,77392,2019-07-14,1.853
1717,37051,2019-07-16,0.1615
1717,63173,2019-07-14,12.9319
1729,472807,2019-07-14,0.2855
1717,435833,2019-07-15,0.0826
1729,61179,2019-07-14,1.7036
1302,441377,2019-07-15,0.069
1717,84994,2019-07-15,0.0044
1729,263986,2019-07-15,0
1729,263610,2019-07-14,2.9438
1717,378055,2019-07-14,0.37
1729,888,2019-07-15,5.6745
1717,472548,2019-07-16,0.3924
1302,120098,2019-07-14,0.8961
1717,95877,2019-07-15,17.8818
1302,54300,2019-07-15,0.0029
1729,352,2019-07-16,0.1034
1302,52924,2019-07-16,5.824
1717,52924,2019-07-15,0.7943
1717,63210,2019-07-15,7.3636
1729,9638,2019-07-16,0.0659
1302,222945,2019-07-15,0.1473
1717,472630,2019-07-16,0.294
1717,73486,2019-07-14,0.1257
1302,9638,2019-07-15,1.7424
1717,472654,2019-07-15,0.2876
1717,52375,2019-07-16,1.7289
1717,87247,2019-07-16,0.4323
1717,89326,2019-07-16,0.1795
1302,51705,2019-07-14,2.2551
1717,37341,2019-07-15,0.2239
1302,10993,2019-07-14,1.985
1729,77910,2019-07-16,0.0709
1302,465960,2019-07-15,0.3002
1717,472906,2019-07-14,4.3789
1302,120005,2019-07-16,1.0679
1717,11945,2019-07-16,0.2637
1717,25645,2019-07-15,1.2813
1717,489584,2019-07-16,0.2394
1729,50371,2019-07-15,0.2088
1729,13116,2019-07-14,0.791
1717,23986,2019-07-14,0.3321
1302,44912,2019-07-15,12.3142
1729,303057,2019-07-14,0.1474
1302,36559,2019-07-16,1.9173
1717,18449,2019-07-17,0.0035
1717,140584,2019-07-14,0.3638
1302,12997,2019-07-14,1.4206
1302,46060,2019-07-14,8.4039
1717,6884406,2019-07-16,0.0139
1302,66136,2019-07-14,3.8115
1729,76395,2019-07-14,0.0372
1717,5029,2019-07-15,15.1589
1729,63357,2019-07-15,2.0843
1302,44455,2019-07-14,0
1302,65535,2019-07-16,1.8936
1729,473712,2019-07-16,0.1533
1717,73653,2019-07-16,1.0025
1717,1854,2019-07-14,0.5733
1729,400947,2019-07-16,5e-04
1717,25188,2019-07-15,1.3037
1302,1311,2019-07-16,109.0388
1302,473217,2019-07-14,1.0655
1302,617987,2019-07-14,0.1452
1302,92326,2019-07-14,27.6243
1729,51705,2019-07-15,3.7088
1302,57288,2019-07-14,0.1636
1302,40372,2019-07-14,3.3879
1302,74667,2019-07-14,4.3557
1729,1281,2019-07-16,3.3037
1729,102209,2019-07-15,0.2329
1302,331623,2019-07-15,0.0526
1302,142724,2019-07-14,1.4707
1302,46510,2019-07-16,2.7507
1729,1298,2019-07-14,0
1729,46060,2019-07-14,7.9775
1729,44189,2019-07-15,0.1296
1729,229692,2019-07-16,0.0014
1729,49771,2019-07-16,0.245
1717,14892,2019-07-15,0.016
1717,175357,2019-07-16,1.6976
1302,49771,2019-07-15,0.5073
1302,1391831,2019-07-16,0.071
1729,442961,2019-07-16,0.4238
1302,34500,2019-07-14,7.5527
1717,89586,2019-07-14,0.3451
1717,40648,2019-07-16,0.0262
1729,464536,2019-07-14,0.959
1302,63210,2019-07-14,4.5646
1717,1915,2019-07-16,4.3395
1302,95921,2019-07-16,5.127
1729,280884,2019-07-14,0.014
1729,447003,2019-07-14,0.4169
1302,85601,2019-07-15,0.0348
1717,139465,2019-07-15,1.0456
1302,12775,2019-07-16,5.1681
1729,77521,2019-07-15,0
1717,85601,2019-07-14,17.2273
1302,1250,2019-07-16,2.6881
1729,30151,2019-07-17,0.7253
1717,12775,2019-07-15,16.4848
1717,77392,2019-07-17,0.3015
1302,50371,2019-07-17,45.967
1302,73486,2019-07-15,0.697
1717,1809,2019-07-15,1.1942
1302,876612,2019-07-17,0.4503
1302,13116,2019-07-16,4.7069
1717,471114,2019-07-17,0.9253
1717,31240,2019-07-17,5.264
1302,40648,2019-07-15,6e-04
1302,473224,2019-07-15,1.1351
1302,345989,2019-07-17,0.3453
1717,448284,2019-07-15,0.1777
1729,15059,2019-07-15,1.7303
1729,56854,2019-07-15,0.194
1302,115582,2019-07-15,0.1418
1729,66389,2019-07-15,0.5651
1302,62572,2019-07-15,6.0826
1717,488495,2019-07-17,5e-04
1717,40259,2019-07-14,0.3789
1302,468602,2019-07-15,1.1431
1302,12010,2019-07-17,0.4036
1717,131124,2019-07-17,7.4732
1302,1854,2019-07-15,0.028
1302,63357,2019-07-15,1.6637
1302,65795,2019-07-14,4.5631
1302,78788,2019-07-14,1.7641
1717,12997,2019-07-15,0.4523
1302,465861,2019-07-17,2.0897
1717,82587,2019-07-17,1.6002
1729,5350490,2019-07-17,0.0286
1717,222945,2019-07-15,0.2667
1717,263986,2019-07-14,1.6893
1302,18449,2019-07-15,0.1821
1729,73653,2019-07-15,0
1717,16339,2019-07-15,1.4002
1302,16087,2019-07-14,4.0021
1729,32537,2019-07-15,0.53
1717,1298,2019-07-14,0.2482
1717,280860,2019-07-15,0.4853
1302,120951,2019-07-15,2.7328
1717,280822,2019-07-15,0.2961
1302,40259,2019-07-17,0.6648
1717,10528,2019-07-15,4.3066
1717,77231,2019-07-15,1.6482
1302,440332,2019-07-15,0.4541
1302,181860,2019-07-14,1.4375
1302,77910,2019-07-15,0.1016
1302,42338,2019-07-15,0.0453
1302,9430,2019-07-15,6.5854
1302,15059,2019-07-15,0.8021
1717,36559,2019-07-15,1.1684
1717,472807,2019-07-15,1.909
1717,439626,2019-07-15,0.5896
1302,287944,2019-07-14,0.0927
1717,395236,2019-07-14,0.6594
1717,142724,2019-07-15,0.8914
1729,63173,2019-07-15,7.7834
1717,473163,2019-07-17,0.0063
1717,244640,2019-07-17,1.7175
1717,16087,2019-07-17,3.5318
1729,37341,2019-07-15,0.4423
1729,25645,2019-07-14,0.3515
1729,25188,2019-07-15,0.2588
1302,41034,2019-07-15,4.8965
1729,60066,2019-07-17,0.6684
1302,464536,2019-07-14,5.1083
1717,473071,2019-07-15,0.0456
1302,447003,2019-07-15,4.0944
1302,871099,2019-07-15,1.7989
1302,81641,2019-07-17,0.9239
1729,95921,2019-07-17,0.8318
1302,92388,2019-07-17,0.1686
1729,468596,2019-07-15,0.0023
1302,74209,2019-07-15,0.2355
1717,54690,2019-07-16,0.2615
1302,209366,2019-07-15,10.7732
1302,105491,2019-07-15,1.2941
1302,37051,2019-07-17,0.1842
1302,11662,2019-07-15,0.6499
1302,119993,2019-07-17,1.3496
1729,314367,2019-07-17,1.7582
1729,25331,2019-07-17,0.1715
1729,483964,2019-07-17,0.0021
1302,54270,2019-07-15,0.1088
1717,280877,2019-07-15,0.0938
1717,52542,2019-07-15,0.7483
1302,447713,2019-07-15,0.0881
1729,8280,2019-07-15,0.3663
1717,417495,2019-07-15,1.8211
1717,901,2019-07-15,6.019
1302,140195,2019-07-17,3.2955
1729,105491,2019-07-15,0.2774
1729,280860,2019-07-15,0.0121
1717,471145,2019-07-15,1.0822
1302,789,2019-07-16,20.2133
1717,789,2019-07-15,1.4945
1717,473040,2019-07-15,2.0196
1302,10924,2019-07-17,1.5973
1717,171908,2019-07-15,1e-04
1729,86103,2019-07-15,0.0594
1302,471138,2019-07-15,1.8209
1302,56854,2019-07-17,0.9369
1302,465717,2019-07-15,2.6847
1717,321600,2019-07-17,0.209
1729,150927,2019-07-15,0.1159
1717,471121,2019-07-15,0.8248
1302,264051,2019-07-15,0.0658
1717,95389,2019-07-15,0.9574
1302,465823,2019-07-17,0.2959
1717,81641,2019-07-17,0.3302
1302,77392,2019-07-15,1.2317
1729,12997,2019-07-15,0.2672
1717,40372,2019-07-17,2.5003
1302,8440,2019-07-15,0.2707
1717,417402,2019-07-15,0.4294
1717,74667,2019-07-15,0
1302,1335,2019-07-17,8.6153
1302,421935,2019-07-16,140.2795
1302,418492,2019-07-15,1.7476
1729,102230,2019-07-14,1.3504
1717,345538,2019-07-17,0.0016
1302,441384,2019-07-17,0.0102
1729,617987,2019-07-17,0.0242
1302,77224,2019-07-14,1.3923
1302,37341,2019-07-17,0.8648
1302,119979,2019-07-17,0.415
1302,76869,2019-07-14,4.8875
1302,471114,2019-07-15,3e-04
1717,1250,2019-07-15,0.2537
1302,802,2019-07-15,0.4831
1729,1250,2019-07-15,0.1537
1729,39345,2019-07-15,1.055
1717,28202,2019-07-17,6.8386
1717,62749,2019-07-17,0.1628
1302,468589,2019-07-15,6.2072
1729,612616,2019-07-15,0.026
1717,383,2019-07-15,0.1005
1302,84987,2019-07-17,0.3262
1302,150927,2019-07-14,0.7601
1729,494595,2019-07-15,0.023
1729,52924,2019-07-17,0.9412
1717,472111,2019-07-15,0.4504
1717,15035,2019-07-14,11.8587
1302,208,2019-07-15,18.81
1729,426947,2019-07-15,0.2923
1302,10191,2019-07-15,5.2194
1717,128100,2019-07-17,1.0447
1729,471138,2019-07-15,1.579
1302,364010,2019-07-15,0.2424
1717,11099,2019-07-17,1.1284
1302,473279,2019-07-17,5.9908
1717,472197,2019-07-14,1.0621
1302,12249,2019-07-17,13.0538
1302,54690,2019-07-14,1.0934
1302,57059,2019-07-15,0
1717,472371,2019-07-15,0.4177
1729,150903,2019-07-17,0.3
1729,1733402,2019-07-17,0.4787
1717,84987,2019-07-15,0.0945
1302,76395,2019-07-15,0
1302,119948,2019-07-17,2.6702
1302,84086,2019-07-14,2.0247
1729,10924,2019-07-15,0.038
1729,12614,2019-07-15,0.1094
1717,62572,2019-07-15,5.2216
1302,150897,2019-07-15,0.1453
1729,16087,2019-07-17,0.4448
1717,994996,2019-07-15,0.8211
1717,417372,2019-07-17,0.0056
1302,64729,2019-07-15,4.2156
1717,287739,2019-07-15,0.6511
1302,95389,2019-07-17,3.3464
1302,80347,2019-07-14,0.1992
1729,244640,2019-07-14,0
1302,995795,2019-07-15,0.078
1729,46510,2019-07-17,0.0233
1729,8440,2019-07-15,0.038
1717,69045,2019-07-14,0.0213
1302,1298,2019-07-17,0.3605
1729,4820826,2019-07-15,8.6686
1717,58650,2019-07-17,0.0171
1729,93002,2019-07-17,0.4641
1717,440905,2019-07-15,0.015
1729,435994,2019-07-15,3e-04
1729,10238,2019-07-14,0.0071
1302,287739,2019-07-17,2.8795
1717,1311,2019-07-17,5.7868
1729,70942,2019-07-15,0.1309
1717,472715,2019-07-17,0.2364
1302,4820826,2019-07-17,45.2906
1302,468596,2019-07-17,4.8925
1717,617987,2019-07-15,0.3117
1302,135160,2019-07-15,0.8136
1729,447713,2019-07-17,6e-04
1717,3211984,2019-07-15,0.0527
1717,98113,2019-07-17,0.0179
1729,6668,2019-07-16,2.4842
1729,4820833,2019-07-15,8.0166
1717,473095,2019-07-17,2.9548
1729,77231,2019-07-15,2.3983
1302,140379,2019-07-15,1.1979
1302,47197,2019-07-14,0
1717,92388,2019-07-17,0.7363
1302,466776,2019-07-15,2.5824
1302,39345,2019-07-15,1.1872
1729,34500,2019-07-17,9.8299
1302,14892,2019-07-15,0.0272
1729,444,2019-07-14,0.0728
1717,37839,2019-07-15,0.3382
1717,71727,2019-07-15,0.1258
1717,74209,2019-07-15,0.3217
1302,465854,2019-07-14,13.5981
1729,15417,2019-07-14,0.1696
1302,74773,2019-07-17,0.0357
1302,473330,2019-07-15,0.7997
1302,476171,2019-07-15,3e-04
1302,345538,2019-07-14,1.5357
1302,67263,2019-07-15,4.0835
1729,37051,2019-07-14,0.0086
1302,489584,2019-07-15,0.0176
1717,826,2019-07-17,0.448
1717,216944,2019-07-17,0
1302,52559,2019-07-14,0.7313
1717,34500,2019-07-14,10.9798
1302,331616,2019-07-14,0.0835
1302,331784,2019-07-15,1.1963
1302,151023,2019-07-17,3.4995
1302,120036,2019-07-15,0.1178
1717,335751,2019-07-15,0.2617
1717,264051,2019-07-17,0.6295
1729,59985,2019-07-15,12.7634
1729,66136,2019-07-17,2.5865
1302,9201,2019-07-17,3.7108
1302,143981,2019-07-14,0.1002
1717,472173,2019-07-17,0.325
1302,66068,2019-07-14,1.541
1302,244466,2019-07-14,1.824
1717,37051,2019-07-17,0.1949
1302,11945,2019-07-15,0.3325
1302,1281,2019-07-14,2.4274
1302,488624,2019-07-15,0.6918
1729,412575,2019-07-15,0.9601
1729,143981,2019-07-15,0.0065
1717,10191,2019-07-15,7.9576
1302,465830,2019-07-15,7.1237
1729,11945,2019-07-15,0.2035
1717,737272,2019-07-15,3.6265
1729,536,2019-07-15,0.1587
1717,472548,2019-07-17,0.3707
1729,41041,2019-07-15,0.477
1717,472562,2019-07-15,0.6784
1717,472814,2019-07-15,0.045
1729,352,2019-07-17,0.1058
1302,52924,2019-07-17,6.4305
1717,94740,2019-07-15,1.4816
1302,16339,2019-07-15,8.3432
1729,9638,2019-07-17,0.0818
1729,345538,2019-07-15,0.0139
1717,472630,2019-07-17,0.2777
1302,98243,2019-07-15,2.7709
1717,42338,2019-07-15,0.1967
1729,139465,2019-07-15,0.8751
1717,52375,2019-07-17,1.7426
1717,87247,2019-07-17,0.3299
1717,89326,2019-07-17,0.1854
1717,77224,2019-07-14,1.4573
1302,471091,2019-07-15,22.7155
1717,97314,2019-07-14,1.758
1729,77910,2019-07-17,0.0654
1729,16759,2019-07-15,2.7333
1729,42659,2019-07-15,6.1063
1302,120005,2019-07-17,1.9284
1717,11945,2019-07-17,0.3182
1302,24297,2019-07-15,2.9121
1717,489584,2019-07-17,0.3476
1717,472753,2019-07-15,0.3861
1302,92777,2019-07-14,0.031
1717,10993,2019-07-14,0.0189
1717,417419,2019-07-15,1.2758
1717,10429,2019-07-14,0.0022
1302,36559,2019-07-17,2.4716
1302,465694,2019-07-15,0.047
1302,471145,2019-07-14,2.0517
1302,465762,2019-07-14,0.2861
1717,6884406,2019-07-17,0.0168
1717,12249,2019-07-14,9.2034
1717,536,2019-07-14,0.9845
1302,280884,2019-07-15,0.8287
1717,170864,2019-07-15,0.0062
1717,38997,2019-07-15,0.3975
1302,65535,2019-07-17,2.0638
1729,473712,2019-07-17,0.1701
1717,73653,2019-07-17,1.0351
1302,119986,2019-07-15,0.8382
1729,400947,2019-07-17,9e-04
1717,15417,2019-07-15,0.6242
1302,1311,2019-07-17,81.5919
1302,303057,2019-07-14,6.7315
1729,12768,2019-07-14,0.1683
1302,15035,2019-07-14,2.4767
1302,93002,2019-07-15,0.3897
1302,5029,2019-07-15,5.2298
1302,30533,2019-07-15,1.8585
1729,421935,2019-07-15,103.792
1729,1281,2019-07-17,4.3128
1717,44189,2019-07-15,0.6877
1302,441209,2019-07-15,2.4497
1717,161091,2019-07-15,0.2035
1302,46510,2019-07-17,3.0372
1302,11099,2019-07-15,0.3551
1302,25331,2019-07-14,6.3691
1717,41041,2019-07-15,6.9127
1729,229692,2019-07-17,0.0013
1729,49771,2019-07-17,0.4152
1729,77224,2019-07-15,1.9664
1717,175357,2019-07-17,1.8836
1717,57059,2019-07-15,12.538
1302,1391831,2019-07-17,0.1598
1729,442961,2019-07-17,0.4916
1729,10528,2019-07-14,0.9779
1717,1110869,2019-07-14,5.6535
1717,40648,2019-07-17,0.0489
1302,69045,2019-07-15,0.7914
1302,89135,2019-07-15,0.3046
1717,1915,2019-07-17,4.4804
1302,95921,2019-07-17,5.6609
1302,66860,2019-07-15,0.5765
1729,19934,2019-07-15,0.176
1302,331715,2019-07-15,0.0757
1717,77521,2019-07-15,2.206
1302,12775,2019-07-17,5.7104
1302,12768,2019-07-16,0.6084
1302,38997,2019-07-15,2.2789
1302,1250,2019-07-17,2.9352
1302,52375,2019-07-16,65.2037
1729,15035,2019-07-15,0.2858
1717,4869092,2019-07-15,7.0082
1302,13116,2019-07-17,6.0037
1729,98243,2019-07-16,0.0608
1717,120975,2019-07-16,0.2126
1729,82587,2019-07-16,0.471
1717,46503,2019-07-16,0.1355
1302,88718,2019-07-15,0.2024
1302,115643,2019-07-15,1.3006
1717,143745,2019-07-16,23.7729
1302,476140,2019-07-16,0.0193
1717,56854,2019-07-14,1.1785
1717,151023,2019-07-15,0.6333
1717,5951,2019-07-15,0.0203
1729,84086,2019-07-15,0.766
1302,280860,2019-07-14,0.9102
1302,901,2019-07-15,0.3312
1717,414630,2019-07-15,0.193
1717,52474,2019-07-16,0.0202
1729,132145,2019-07-15,3.5374
1302,888,2019-07-15,9.6227
1729,378055,2019-07-15,0.9028
1302,426947,2019-07-16,3.3235
1729,89135,2019-07-15,0.0786
1302,139465,2019-07-15,3.5618
1302,12614,2019-07-15,0.2527
1729,471114,2019-07-16,0.7204
1302,61179,2019-07-16,5.7478
1729,102124,2019-07-16,0.0723
1717,16759,2019-07-16,0.6868
1302,32155,2019-07-16,8.6781
1717,11662,2019-07-15,0.4466
1717,62718,2019-07-15,0.6505
1302,95877,2019-07-16,2.0901
1729,69045,2019-07-16,0.0011
1717,472326,2019-07-15,0.4694
1717,1304,2019-07-16,3.6987
1729,468602,2019-07-15,8e-04
1302,280877,2019-07-16,0.5489
1302,31240,2019-07-16,4.6329
1717,473057,2019-07-15,1.1087
1302,77521,2019-07-15,0.2913
1717,435994,2019-07-15,0.5115
1302,280822,2019-07-15,0.5304
1717,70942,2019-07-16,1.1887
1302,465977,2019-07-14,0
1729,74667,2019-07-16,0.1629
1717,417488,2019-07-15,2.0541
1302,102162,2019-07-14,0.0027
1717,57288,2019-07-16,0.2351
1302,128681,2019-07-16,0.3458
1717,995108,2019-07-16,0.566
1717,77910,2019-07-16,0.3843
1302,352,2019-07-15,0.1126
1717,54690,2019-07-17,0.27
1302,73127,2019-07-16,7e-04
1302,46503,2019-07-15,0.0183
1302,244640,2019-07-15,1.1374
1717,6668,2019-07-16,3.8401
1302,216760,2019-07-15,0
1302,378055,2019-07-15,2.9956
1729,10993,2019-07-16,3e-04
1729,40372,2019-07-16,2.1352
1717,473088,2019-07-16,0.1686
1729,12249,2019-07-16,3.0118
1717,472418,2019-07-15,1.9308
1717,86103,2019-07-16,0.432
1729,5029,2019-07-16,9.398
1302,789,2019-07-17,22.0714
1302,99165,2019-07-15,2.6269
1302,89326,2019-07-16,0.4376
1717,464703,2019-07-15,0.0425
1717,47197,2019-07-15,0.7936
1717,426947,2019-07-16,0.687
1302,488402,2019-07-15,3.2077
1717,135184,2019-07-16,0.9785
1729,54690,2019-07-16,0.4814
1717,888,2019-07-16,1.3781
1729,1311,2019-07-15,4.3458
1302,52351,2019-07-16,1.2681
1729,244466,2019-07-15,0.2255
1717,995795,2019-07-15,7.016
1302,473323,2019-07-15,2.2869
1729,994996,2019-07-15,9.5642
1302,421935,2019-07-17,152.9375
1302,471053,2019-07-15,4.7112
1729,11662,2019-07-15,0.1624
1302,71727,2019-07-14,0
1302,61643,2019-07-14,0.353
1302,439626,2019-07-15,1.95
1717,30533,2019-07-15,1.1537
1717,65795,2019-07-16,0.0619
1729,66860,2019-07-16,0.2905
1302,86103,2019-07-16,2.2407
1717,471091,2019-07-15,0.827
1717,63357,2019-07-16,0.2319
1717,83379,2019-07-16,0.0849
1729,44349,2019-07-15,15.9519
1717,9638,2019-07-16,0.4626
1302,19095,2019-07-16,0.2155
1717,400947,2019-07-14,0.0242
1302,4820833,2019-07-16,33.3638
1717,216760,2019-07-15,0.0542
1302,488495,2019-07-16,2.1526
1729,63210,2019-07-15,0.6806
1729,995108,2019-07-15,0.143
1729,44912,2019-07-14,14.9176
1729,61315,2019-07-15,0.0177
1729,23634,2019-07-15,8e-04
1302,494595,2019-07-15,0.9663
1729,52375,2019-07-16,15.7874
1729,441148,2019-07-15,0.2577
1302,826,2019-07-14,1.7707
1717,473156,2019-07-15,0.3525
1729,80095,2019-07-15,0.0146
1302,132145,2019-07-15,12.7701
1302,79389,2019-07-16,1.5056
1717,10924,2019-07-15,0.0854
1302,1915,2019-07-16,0.076
1729,120975,2019-07-15,0
1717,364010,2019-07-15,0.0117
1302,35392,2019-07-15,2.2293
1302,348270,2019-07-15,0.1985
1302,28202,2019-07-15,2.5895
1717,15059,2019-07-15,7.5319
1729,16339,2019-07-15,8.0235
1302,995108,2019-07-16,1.3262
1729,30533,2019-07-16,0.3155
1729,31240,2019-07-15,0.7812
1717,280884,2019-07-15,0.2474
1729,150897,2019-07-16,0.1479
1717,25331,2019-07-15,0.281
1729,102100,2019-07-16,0.47
1729,6668,2019-07-17,3.243
1729,128728,2019-07-16,0.0843
1717,66136,2019-07-16,0.4791
1717,55635,2019-07-16,0.1089
1302,121507,2019-07-15,0.7246
1302,1733402,2019-07-15,1.1602
1302,41027,2019-07-16,2.1729
1302,216944,2019-07-15,0.0985
1302,80095,2019-07-15,0.1684
1729,18449,2019-07-15,3.0632
1729,335751,2019-07-15,0.0879
1717,32087,2019-07-16,0.0316
1717,92326,2019-07-15,6.6438
1729,441315,2019-07-14,0.3033
1302,345668,2019-07-15,0.0832
1717,95747,2019-07-16,0.2142
1302,376,2019-07-14,6.5577
1302,11068,2019-07-16,1.7978
1717,10238,2019-07-15,0.2058
1729,81641,2019-07-15,0.7686
1302,128728,2019-07-15,0.005
1729,18715,2019-07-15,0.8065
1729,73486,2019-07-14,0.1348
1302,63173,2019-07-15,3.9806
1717,471053,2019-07-16,1.5087
1302,19934,2019-07-16,1.2905
1729,998734,2019-07-15,0.0019
1717,12010,2019-07-15,2.0312
1302,32704,2019-07-14,0.4373
1717,11280,2019-07-15,0.3027
1717,3440018,2019-07-15,4.1089
1729,92326,2019-07-15,8.7311
1717,435833,2019-07-16,0.0976
1729,95877,2019-07-15,2.8072
1302,441377,2019-07-16,0.0716
1717,84994,2019-07-16,0.0039
1729,263986,2019-07-16,0
1729,131124,2019-07-15,2.0058
1729,277,2019-07-15,0.2262
1729,888,2019-07-16,9.6572
1729,67263,2019-07-15,0.9719
1717,95877,2019-07-16,12.1832
1302,54300,2019-07-16,0.0061
1717,52924,2019-07-16,0.5875
1717,63210,2019-07-16,5.0169
1302,222945,2019-07-16,0.3094
1729,9201,2019-07-15,0.0011
1302,9638,2019-07-16,2.0043
1717,472654,2019-07-16,0.3224
1729,80347,2019-07-14,0
1717,37341,2019-07-16,0.25
1729,12775,2019-07-14,2.5122
1302,465960,2019-07-16,0.3641
1302,15417,2019-07-15,2.476
1717,25645,2019-07-16,0.6789
1729,50371,2019-07-16,0.8607
1302,77231,2019-07-15,2.5944
1717,78788,2019-07-15,0.9823
1302,44912,2019-07-16,75.644
1717,62800,2019-07-14,1.5585
1302,70942,2019-07-15,9.2858
1729,140195,2019-07-14,0.1984
1729,471091,2019-07-15,4.9213
1302,465786,2019-07-14,19.6378
1302,440837,2019-07-14,2.6095
1717,5029,2019-07-16,15.7367
1729,63357,2019-07-16,2.8573
1302,412575,2019-07-15,19.8613
1729,88718,2019-07-15,0.226
1717,25188,2019-07-16,0.9643
1717,19934,2019-07-14,0.6967
1717,473736,2019-07-15,0.3491
1302,84994,2019-07-15,0.7589
1729,51705,2019-07-16,2.414
1302,473248,2019-07-15,1.401
1717,128698,2019-07-15,0.4062
1717,13116,2019-07-15,3.4389
1729,102209,2019-07-16,0.2134
1302,331623,2019-07-16,0.0214
1717,88718,2019-07-15,2.2082
1717,89135,2019-07-15,0.4959
1302,8280,2019-07-15,0.2233
1729,44189,2019-07-16,0.3056
1717,14892,2019-07-16,0.0152
1302,49771,2019-07-16,0.845
1717,54300,2019-07-15,0.0044
1717,472166,2019-07-14,2.1808
1717,3212028,2019-07-15,0.0253
1302,61315,2019-07-15,0.3145
1302,472807,2019-07-15,1.659
1729,16926,2019-07-15,1.3059
1302,85601,2019-07-16,0.0464
1717,139465,2019-07-16,0.6407
1729,77521,2019-07-16,0
1729,23986,2019-07-15,0.002
1717,12775,2019-07-16,15.4733
1717,287944,2019-07-15,0.0697
1717,417389,2019-07-15,2.3002
1302,40648,2019-07-16,0.0031
1302,473224,2019-07-16,1.3765
1717,448284,2019-07-16,0.1991
1729,15059,2019-07-16,2.0531
1302,44349,2019-07-15,18.0478
1302,63906,2019-07-15,1.1455
1729,66389,2019-07-16,0.7232
1302,62572,2019-07-16,12.7772
1717,12768,2019-07-15,0.3163
1717,473149,2019-07-15,0.8618
1302,18715,2019-07-16,9.4743
1302,420,2019-07-15,0.0129
1717,417457,2019-07-15,1.2427
1717,16926,2019-07-15,3.1501
1302,41041,2019-07-15,0.2285
1717,222945,2019-07-16,0.2693
1302,79815,2019-07-15,1.6683
1717,74612,2019-07-15,0.6469
1717,472449,2019-07-15,0.5873
1717,16339,2019-07-16,1.4535
1729,52542,2019-07-15,16.0428
1302,66389,2019-07-15,6.1436
1717,12614,2019-07-15,0.4212
1717,280860,2019-07-16,0.3738
1302,120951,2019-07-16,2.0655
1717,280822,2019-07-16,0.2281
1717,10528,2019-07-16,4.3496
1717,77231,2019-07-16,1.6346
1302,97314,2019-07-15,9e-04
1302,87247,2019-07-15,0.0609
1302,77910,2019-07-16,0.0973
1302,42338,2019-07-16,0.0754
1729,98113,2019-07-15,0.1346
1302,15059,2019-07-16,0.7684
1717,3440087,2019-07-15,48.0722
1717,472807,2019-07-16,1.8184
1717,439626,2019-07-16,0.4361
1302,73653,2019-07-15,0.0085
1717,169851,2019-07-15,85.1482
1729,54294,2019-07-15,0.1943
1729,263733,2019-07-15,0.2767
1729,37341,2019-07-16,0.5113
1302,60066,2019-07-15,0.2469
1729,25188,2019-07-16,0.3182
1302,120975,2019-07-15,0
1717,871099,2019-07-15,1.8069
1717,473071,2019-07-16,0.0512
1302,447003,2019-07-16,5.0377
1302,871099,2019-07-16,2.1344
1729,468596,2019-07-16,0.003
1729,376,2019-07-16,2.4206
1302,209366,2019-07-16,14.6621
1729,441162,2019-07-15,0.2733
1729,471121,2019-07-15,2.5117
1302,54270,2019-07-16,0.2285
1302,418614,2019-07-15,0.3132
1717,331715,2019-07-15,0.6362
1302,447713,2019-07-16,0.1267
1729,8280,2019-07-16,0.8639
1717,417495,2019-07-16,2.0412
1717,901,2019-07-16,4.6795
1717,44776,2019-07-15,0.0157
1729,280860,2019-07-16,0.038
1717,471145,2019-07-16,0.8388
1729,303040,2019-07-15,0.0856
1717,473040,2019-07-16,2.2636
1302,16926,2019-07-15,0.3581
1302,115636,2019-07-15,1.8101
1302,471138,2019-07-16,3.0678
1302,994996,2019-07-15,45.3285
1729,150927,2019-07-16,0.1358
1717,471121,2019-07-16,0.6393
1302,264051,2019-07-16,0.0818
1302,25188,2019-07-15,5.5257
1302,77392,2019-07-16,2.2016
1302,25645,2019-07-15,1.2316
1717,59985,2019-07-15,1.613
1717,420,2019-07-15,5.5299
1729,62572,2019-07-15,3.3463
1729,466776,2019-07-15,0.9879
1729,441209,2019-07-15,1.9104
1717,73318,2019-07-15,1.9174
1302,465632,2019-07-14,0.3355
1302,98113,2019-07-15,0.6364
1729,32087,2019-07-15,4e-04
1302,802,2019-07-16,1.1507
1729,1250,2019-07-16,0.2616
1729,39345,2019-07-16,1.3715
1717,46930,2019-07-15,0.1068
1729,612616,2019-07-16,0.0332
1717,383,2019-07-16,0.0914
1717,60769,2019-07-15,0.0783
1729,494595,2019-07-16,0.0505
1717,472111,2019-07-16,0.5048
1302,52955,2019-07-15,0.3391
1302,208,2019-07-16,25.6286
1729,28202,2019-07-15,2.6031
1302,10191,2019-07-16,10.964
1717,376,2019-07-15,4.345
1302,364010,2019-07-16,0.2524
1302,6668,2019-07-15,1.3812
1729,144919,2019-07-15,5e-04
1717,61315,2019-07-15,3.6405
1717,345668,2019-07-15,0.0301
1717,84987,2019-07-16,0.089
1717,341257,2019-07-15,0.2712
1302,314367,2019-07-15,10.3765
1302,10238,2019-07-15,0.161
1729,57288,2019-07-15,0.0062
1302,16759,2019-07-15,32.5066
1302,150897,2019-07-16,0.2654
1729,157896,2019-07-15,0.027
1302,64729,2019-07-16,4.1005
1302,77484,2019-07-15,0.8907
1302,471121,2019-07-15,1.764
1717,24297,2019-07-15,0.272
1729,208,2019-07-15,3.5919
1302,52542,2019-07-15,13.8725
1729,263702,2019-07-15,0.3502
1729,4820826,2019-07-16,12.7262
1717,440905,2019-07-16,0.0152
1729,435994,2019-07-16,0.0011
1729,99165,2019-07-15,0.2835
1729,789,2019-07-15,1.2375
1717,617987,2019-07-16,0.271
1717,51705,2019-07-15,10.7842
1717,3211984,2019-07-16,0.0589
1729,4820833,2019-07-16,11.769
1729,77231,2019-07-16,2.787
1302,140379,2019-07-16,1.1652
1717,54294,2019-07-15,7e-04
1302,473231,2019-07-15,0.6471
1302,39345,2019-07-16,3.4057
1302,14892,2019-07-16,0.036
1717,244466,2019-07-15,1.0573
1717,1573954,2019-07-15,1.6061
1717,473170,2019-07-15,0.0314
1717,74209,2019-07-16,0.3192
1717,8280,2019-07-15,4.3692
1302,4869092,2019-07-14,3e-04
1717,417433,2019-07-15,3.3675
1302,476171,2019-07-16,4e-04
1717,352,2019-07-15,1.1423
1302,67263,2019-07-16,5.7653
1717,471138,2019-07-15,2.2362
1717,263757,2019-07-15,0.1525
1302,473316,2019-07-15,0.4616
1302,335751,2019-07-15,0.8089
1717,1335,2019-07-15,0.0112
1729,10191,2019-07-15,0.3158
1302,120036,2019-07-16,0.1428
1717,335751,2019-07-16,0.1935
1729,216944,2019-07-15,0.0039
1729,471145,2019-07-15,0.4445
1729,32155,2019-07-15,0.4308
1729,802,2019-07-15,0.3793
1717,63173,2019-07-15,11.647
1729,11068,2019-07-15,1.5733
1302,488624,2019-07-16,0.9426
1729,61179,2019-07-15,1.8933
1729,143981,2019-07-16,0.0159
1717,10191,2019-07-16,8.0371
1302,465830,2019-07-16,8.6388
1729,263610,2019-07-15,1.7881
1717,378055,2019-07-15,0.2154
1729,536,2019-07-16,0.2675
1302,120098,2019-07-15,0.794
1717,472562,2019-07-16,0.7604
1717,472814,2019-07-16,0.0504
1717,94740,2019-07-16,1.0958
1302,16339,2019-07-16,20.8208
1729,345538,2019-07-16,0.0436
1729,68765,2019-07-15,1.2852
1717,42338,2019-07-16,0.1736
1729,139465,2019-07-16,1.1248
1302,444,2019-07-14,0.3486
1302,471091,2019-07-16,28.2282
1717,473064,2019-07-15,0.045
1729,16759,2019-07-16,3.6744
1717,472906,2019-07-15,1.7176
1302,24297,2019-07-16,2.7442
1717,472753,2019-07-16,0.4327
1729,24297,2019-07-15,2.0933
1729,36559,2019-07-15,0.7246
1717,417419,2019-07-16,1.43
1717,440837,2019-07-14,0.0257
1717,140584,2019-07-15,0.2186
1717,61643,2019-07-15,1.8248
1302,44189,2019-07-15,0.1534
1729,1335,2019-07-14,1.4622
1717,18715,2019-07-15,1.5403
1302,280884,2019-07-16,1.1916
1717,170864,2019-07-16,0.0254
1717,444,2019-07-15,0.5066
1717,1854,2019-07-15,0.543
1717,15417,2019-07-16,0.4617
1717,80132,2019-07-15,0.1018
1717,75183,2019-07-15,0.3172
1302,82587,2019-07-15,0.406
1302,93002,2019-07-16,0.4817
1302,57288,2019-07-15,0.1446
1302,40372,2019-07-15,2.9043
1302,74667,2019-07-15,4.1973
1717,44189,2019-07-16,0.6347
1302,441209,2019-07-16,3.3339
1302,142724,2019-07-15,1.1399
1729,1298,2019-07-15,0
1302,54294,2019-07-15,1.4566
1717,41041,2019-07-16,6.3796
1729,77224,2019-07-16,2.2851
1717,57059,2019-07-16,11.2476
1717,8440,2019-07-15,0.4732
1717,54270,2019-07-15,0.0234
1729,464536,2019-07-15,1.2769
1302,63210,2019-07-15,2.9762
1729,280884,2019-07-15,0.0136
1729,447003,2019-07-15,0.2724
1302,331715,2019-07-16,0.0309
1717,77521,2019-07-16,2.1892
1302,12768,2019-07-17,0.6723
1717,85601,2019-07-15,15.4685
1302,52375,2019-07-17,126.5358
1302,483056,2019-07-15,0.5561
1717,1809,2019-07-16,0.9285
1729,98243,2019-07-17,0.0755
1717,120975,2019-07-17,0.2154
1729,82587,2019-07-17,0.4819
1717,46503,2019-07-17,0.1504
1729,56854,2019-07-16,0.2254
1302,115582,2019-07-16,0.172
1717,143745,2019-07-17,26.3521
1302,476140,2019-07-17,0.0201
1729,143745,2019-07-15,2.4813
1302,468602,2019-07-16,1.9615
1302,1854,2019-07-16,0.037
1302,63357,2019-07-16,2.2136
1717,1281,2019-07-15,3.1037
1717,25812,2019-07-15,0.2223
1717,12997,2019-07-16,0.4967
1717,52474,2019-07-17,0.022
1729,12010,2019-07-15,0.7021
1717,42659,2019-07-15,5.6517
1729,73653,2019-07-16,0
1302,426947,2019-07-17,3.6695
1302,277,2019-07-15,0.8315
1729,32537,2019-07-16,0.6208
1729,71727,2019-07-15,0
1729,471114,2019-07-17,0.9492
1302,61179,2019-07-17,6.1095
1729,102124,2019-07-17,0.0803
1717,16759,2019-07-17,0.7388
1302,32155,2019-07-17,9.5817
1302,440332,2019-07-16,0.6149
1717,42123,2019-07-15,0.2353
1302,95877,2019-07-17,1.803
1729,69045,2019-07-17,0.0013
1302,9430,2019-07-16,6.4055
1717,1304,2019-07-17,3.8189
1717,36559,2019-07-16,1.0302
1302,280877,2019-07-17,0.6481
1302,31240,2019-07-17,6.115
1302,80132,2019-07-15,0.177
1717,61179,2019-07-15,1.0284
1717,142724,2019-07-16,0.8367
1729,63173,2019-07-16,10.6702
1717,70942,2019-07-17,1.404
1729,83478,2019-07-15,0
1729,74667,2019-07-17,0.2127
1302,41034,2019-07-16,4.7627
1717,54003,2019-07-15,1.5441
1717,57288,2019-07-17,0.1899
1302,128681,2019-07-17,0.3557
1717,995108,2019-07-17,0.5197
1717,77910,2019-07-17,0.4323
1302,74209,2019-07-16,0.2809
1302,73127,2019-07-17,0.0012
1302,105491,2019-07-16,3.0823
1302,11662,2019-07-16,1.1617
1717,6668,2019-07-17,3.538
1717,280877,2019-07-16,0.0722
1717,52542,2019-07-16,0.6906
1729,10993,2019-07-17,3e-04
1729,40372,2019-07-17,2.5036
1717,473088,2019-07-17,0.1593
1729,12249,2019-07-17,3.1008
1729,105491,2019-07-16,0.4721
1717,86103,2019-07-17,0.4879
1729,5029,2019-07-17,12.2686
1717,789,2019-07-16,2.2953
1302,89326,2019-07-17,0.8221
1717,171908,2019-07-16,3e-04
1729,86103,2019-07-16,0.0554
1717,426947,2019-07-17,1.0617
1302,465717,2019-07-16,3.2556
1717,135184,2019-07-17,1.1049
1729,54690,2019-07-17,0.4926
1717,888,2019-07-17,1.0965
1717,95389,2019-07-16,0.9365
1302,52351,2019-07-17,1.3043
1729,12997,2019-07-16,0.1765
1302,8440,2019-07-16,0.3912
1717,417402,2019-07-16,0.4812
1717,74667,2019-07-16,0
1302,418492,2019-07-16,4.3613
1729,52559,2019-07-15,0.0299
1302,441360,2019-07-15,0.0425
1729,102162,2019-07-15,0.2543
1302,471114,2019-07-16,5e-04
1717,1250,2019-07-16,0.3896
1717,65795,2019-07-17,0.0666
1729,66860,2019-07-17,0.2686
1302,86103,2019-07-17,2.4801
1302,468589,2019-07-16,8.7637
1717,63357,2019-07-17,0.2634
1717,83379,2019-07-17,0.0877
1729,65795,2019-07-15,1.0838
1717,9638,2019-07-17,0.3274
1302,19095,2019-07-17,0.3159
1302,12881,2019-07-15,0.0523
1302,4820833,2019-07-17,48.6532
1729,426947,2019-07-16,0.3594
1302,488495,2019-07-17,2.6662
1729,471138,2019-07-16,1.8412
1729,995108,2019-07-16,0.2003
1717,209366,2019-07-15,7.1626
1729,87247,2019-07-15,1.7587
1302,57059,2019-07-16,0
1717,472371,2019-07-16,0.4681
1729,52375,2019-07-17,20.0367
1302,76395,2019-07-16,0
1729,79389,2019-07-15,1.0407
1729,10924,2019-07-16,0.0488
1729,12614,2019-07-16,0.26
1717,62572,2019-07-16,5.2737
1302,79389,2019-07-17,2.9193
1717,994996,2019-07-16,0.9745
1302,1915,2019-07-17,0.1428
1717,287739,2019-07-16,0.5913
1729,32704,2019-07-15,0.0982
1729,89586,2019-07-15,0.0381
1302,995795,2019-07-16,0.103
1729,8440,2019-07-16,0.0375
1302,23986,2019-07-15,0.1989
1729,16339,2019-07-16,13.9347
1302,995108,2019-07-17,1.5294
1729,30533,2019-07-17,0.4172
1717,49771,2019-07-15,2.8533
1729,70942,2019-07-16,0.1697
1729,150897,2019-07-17,0.2555
1302,135160,2019-07-16,1.001
1729,102100,2019-07-17,0.5215
1729,128728,2019-07-17,0.0935
1717,66136,2019-07-17,0.5527
1717,55635,2019-07-17,0.1209
1729,89326,2019-07-15,0.1408
1302,466776,2019-07-16,3.6461
1302,41027,2019-07-17,2.235
1302,216944,2019-07-16,0.1665
1717,52559,2019-07-15,0.6362
1717,37839,2019-07-16,0.3996
1717,71727,2019-07-16,0.1433
1717,32087,2019-07-17,0.0361
1302,263986,2019-07-15,1.3975
1302,42123,2019-07-15,0.0378
1302,473330,2019-07-16,0.9698
1717,95747,2019-07-17,0.1966
1302,121491,2019-07-15,0.075
1302,11068,2019-07-17,2.2652
1717,998734,2019-07-15,0.005
1302,489584,2019-07-16,0.0265
1717,80095,2019-07-15,0.2061
1729,287739,2019-07-15,7e-04
1302,536,2019-07-15,0.0396
1302,331784,2019-07-16,1.1636
1717,471053,2019-07-17,1.697
1302,19934,2019-07-17,1.1133
1729,59985,2019-07-16,44.5104
1717,44912,2019-07-15,5.8281
1302,143745,2019-07-15,7.443
1729,77392,2019-07-15,1.4635
1302,11945,2019-07-16,0.3462
1729,472807,2019-07-15,0.4601
1717,435833,2019-07-17,0.1064
1729,412575,2019-07-16,5.697
1302,441377,2019-07-17,0.0887
1717,84994,2019-07-17,0.0049
1729,263986,2019-07-17,0
1729,11945,2019-07-16,0.2352
1717,737272,2019-07-16,3.4834
1729,888,2019-07-17,13.154
1729,41041,2019-07-16,1.1249
1717,95877,2019-07-17,13.8365
1302,54300,2019-07-17,0.008
1717,52924,2019-07-17,0.9079
1717,63210,2019-07-17,5.6978
1302,222945,2019-07-17,0.4084
1717,73486,2019-07-15,0.0898
1302,9638,2019-07-17,2.4107
1717,472654,2019-07-17,0.3045
1729,209366,2019-07-15,3.4657
1717,37341,2019-07-17,0.3017
1729,826,2019-07-15,0.4084
1302,465960,2019-07-17,0.6574
1729,42659,2019-07-16,5.7807
1717,25645,2019-07-17,0.6952
1729,50371,2019-07-17,1.0923
1729,13116,2019-07-15,0.6324
1717,23986,2019-07-15,0.2109
1302,44912,2019-07-17,81.4437
1717,74896,2019-07-15,0.1565
1302,465694,2019-07-16,0.057
1302,55635,2019-07-15,0.0068
1302,46060,2019-07-15,7.4958
1717,76395,2019-07-14,0.0045
1717,140652,2019-07-15,0.139
1717,5029,2019-07-17,14.4988
1729,63357,2019-07-17,2.8361
1717,38997,2019-07-16,0.294
1302,119986,2019-07-16,1.0165
1717,25188,2019-07-17,1.4903
1302,473217,2019-07-15,0.9429
1302,617987,2019-07-15,0.1224
1302,92326,2019-07-15,21.4495
1729,51705,2019-07-17,3.1514
1302,5029,2019-07-16,13.0512
1302,30533,2019-07-16,2.2867
1729,421935,2019-07-16,132.5365
1729,102209,2019-07-17,0.2368
1302,331623,2019-07-17,0.0359
1717,161091,2019-07-16,0.2561
1302,11099,2019-07-16,0.6347
1729,46060,2019-07-15,6.0144
1729,44189,2019-07-17,0.3878
1717,14892,2019-07-17,0.0148
1302,49771,2019-07-17,1.2386
1302,34500,2019-07-15,5.8644
1717,44349,2019-07-15,1.8927
1302,69045,2019-07-16,1.358
1302,89135,2019-07-16,0.4024
1302,66860,2019-07-16,0.6003
1729,19934,2019-07-16,0.2413
1302,85601,2019-07-17,0.04
1717,139465,2019-07-17,1.0114
1729,77521,2019-07-17,0
1302,38997,2019-07-16,2.804
1717,12775,2019-07-17,18.2747
1302,73486,2019-07-16,0.6223
1717,4869092,2019-07-16,8.9565
1302,40648,2019-07-17,0.0026
1302,473224,2019-07-17,2.4856
1717,448284,2019-07-17,0.1881
1729,15059,2019-07-17,1.8929
1302,88718,2019-07-16,0.2674
1302,115643,2019-07-16,1.5773
1729,66389,2019-07-17,1.3047
1302,62572,2019-07-17,16.8646
1717,140195,2019-07-15,0.7705
1717,151023,2019-07-16,0.5761
1717,5951,2019-07-16,0.0202
1729,84086,2019-07-16,0.9584
1302,42659,2019-07-15,3.5041
1302,78788,2019-07-15,1.1503
1717,414630,2019-07-16,0.1427
1717,222945,2019-07-17,0.2897
1717,263986,2019-07-15,1.3841
1302,18449,2019-07-16,0.2172
1729,378055,2019-07-16,1.5365
1717,16339,2019-07-17,1.3392
1302,16087,2019-07-15,3.1376
1302,139465,2019-07-16,2.9722
1717,1298,2019-07-15,0.2333
1717,280860,2019-07-17,0.4381
1302,120951,2019-07-17,2.1466
1717,280822,2019-07-17,0.2674
1717,10528,2019-07-17,4.6792
1717,77231,2019-07-17,1.3029
1717,11662,2019-07-16,0.4429
1302,181860,2019-07-15,1.2381
1302,77910,2019-07-17,0.1034
1302,42338,2019-07-17,0.1105
1717,472326,2019-07-16,0.5261
1302,15059,2019-07-17,0.8168
1729,468602,2019-07-16,0.0027
1717,472807,2019-07-17,2.1899
1717,439626,2019-07-17,0.674
1302,287944,2019-07-15,0.0513
1717,46060,2019-07-15,0.72
1717,435994,2019-07-16,0.394
1302,280822,2019-07-16,0.7627
1729,37341,2019-07-17,0.4728
1302,303040,2019-07-15,0.8721
1729,25188,2019-07-17,0.4207
1717,417488,2019-07-16,2.3023
1717,345989,2019-07-15,0.2729
1717,473071,2019-07-17,0.0483
1302,447003,2019-07-17,5.5623
1302,871099,2019-07-17,2.4401
1729,468596,2019-07-17,0.0031
1302,352,2019-07-16,0.1488
1302,209366,2019-07-17,15.9851
1302,46503,2019-07-16,0.0075
1302,244640,2019-07-16,1.9163
1302,54270,2019-07-17,0.3016
1302,216760,2019-07-16,0
1302,378055,2019-07-16,7.1351
1302,447713,2019-07-17,0.1496
1729,8280,2019-07-17,1.0965
1717,417495,2019-07-17,1.928
1717,901,2019-07-17,4.8315
1717,472418,2019-07-16,2.1641
1729,280860,2019-07-17,0.0323
1717,471145,2019-07-17,0.9356
1302,99165,2019-07-16,3.1103
1717,473040,2019-07-17,2.1382
1717,464703,2019-07-16,0.0475
1717,47197,2019-07-16,0.617
1302,471138,2019-07-17,3.8726
1302,488402,2019-07-16,3.3301
1729,150927,2019-07-17,0.2345
1717,471121,2019-07-17,0.713
1302,264051,2019-07-17,0.0844
1729,1311,2019-07-16,7.5475
1302,77392,2019-07-17,2.509
1729,244466,2019-07-16,0.316
1717,995795,2019-07-16,5.4547
1302,473323,2019-07-16,2.7733
1729,994996,2019-07-16,10.9556
1302,471053,2019-07-16,7.4436
1729,102230,2019-07-15,0.8217
1302,435994,2019-07-15,0.2278
1717,11068,2019-07-15,0.2982
1302,439626,2019-07-16,2.3992
1717,30533,2019-07-16,0.8533
1302,802,2019-07-17,1.2565
1729,1250,2019-07-17,0.3563
1729,39345,2019-07-17,1.6081
1717,471091,2019-07-16,0.7524
1729,612616,2019-07-17,0.0385
1717,383,2019-07-17,0.1026
1302,150927,2019-07-15,0.5807
1729,494595,2019-07-17,0.0822
1717,472111,2019-07-17,0.4768
1302,483964,2019-07-15,0.7776
1302,208,2019-07-17,33.1229
1717,216760,2019-07-16,0.0548
1302,10191,2019-07-17,14.4713
1729,63210,2019-07-16,0.9331
1302,364010,2019-07-17,0.248
1302,1304,2019-07-15,0.1727
1302,54690,2019-07-15,0.5151
1729,23634,2019-07-16,0.0012
1302,494595,2019-07-16,1.7947
1717,84987,2019-07-17,0.1001
1729,441148,2019-07-16,0.232
1302,83478,2019-07-15,2.024
1717,473156,2019-07-16,0.3951
1729,80095,2019-07-16,0.0292
1302,132145,2019-07-16,17.1838
1302,150897,2019-07-17,0.3432
1717,10924,2019-07-16,0.0524
1302,64729,2019-07-17,4.2176
1729,120975,2019-07-16,0
1302,80347,2019-07-15,0.0928
1729,244640,2019-07-15,0
1302,348270,2019-07-16,0.2131
1302,28202,2019-07-16,11.1798
1717,69045,2019-07-15,0.0027
1729,4820826,2019-07-17,14.5706
1717,440905,2019-07-17,0.0157
1729,435994,2019-07-17,9e-04
1729,10238,2019-07-15,0.0058
1717,280884,2019-07-16,0.1906
1717,617987,2019-07-17,0.4529
1717,25331,2019-07-16,0.3109
1717,3211984,2019-07-17,0.0711
1729,4820833,2019-07-17,13.4747
1729,77231,2019-07-17,2.999
1302,140379,2019-07-17,1.1984
1302,121507,2019-07-16,0.8786
1302,1733402,2019-07-16,2.2414
1302,39345,2019-07-17,4.1843
1302,14892,2019-07-17,0.0375
1729,444,2019-07-15,0.0697
1729,18449,2019-07-16,3.8524
1729,335751,2019-07-16,0.1081
1717,74209,2019-07-17,0.3539
1302,465854,2019-07-15,12.182
1302,30151,2019-07-15,0.3477
1302,345668,2019-07-16,0.1748
1302,476171,2019-07-17,4e-04
1717,447713,2019-07-15,0.6945
1302,67263,2019-07-17,6.1099
1729,37051,2019-07-15,0.0054
1729,81641,2019-07-16,0.8932
1302,52559,2019-07-15,0.3425
1717,34500,2019-07-15,4.9495
1302,10528,2019-07-15,4.7704
1302,63173,2019-07-16,5.2962
1302,120036,2019-07-17,0.2579
1717,335751,2019-07-17,0.2991
1729,998734,2019-07-16,0.0022
1302,143981,2019-07-15,0.1706
1302,89586,2019-07-15,6.5974
1302,244466,2019-07-15,1.3081
1717,3440018,2019-07-16,5.2512
1302,1281,2019-07-15,2.3391
1302,488624,2019-07-17,1.2182
1729,95877,2019-07-16,3.8483
1729,143981,2019-07-17,0.0198
1717,10191,2019-07-17,8.6462
1302,465830,2019-07-17,15.5996
1729,131124,2019-07-16,2.6964
1729,277,2019-07-16,0.1595
1729,536,2019-07-17,0.2737
1729,67263,2019-07-16,1.3823
1717,472562,2019-07-17,0.7183
1717,472814,2019-07-17,0.0477
1717,94740,2019-07-17,1.6935
1302,16339,2019-07-17,15.5799
1729,345538,2019-07-17,0.037
1302,98243,2019-07-16,3.1874
1717,42338,2019-07-17,0.2164
1729,139465,2019-07-17,1.9117
1717,19095,2019-07-15,0.3062
1302,471091,2019-07-17,29.1327
1302,10993,2019-07-15,0.9362
1729,16759,2019-07-17,3.783
1302,15417,2019-07-16,3.0465
1302,24297,2019-07-17,2.852
1717,472753,2019-07-17,0.4088
1302,92777,2019-07-15,0.0289
1717,10993,2019-07-15,0.0024
1717,417419,2019-07-17,1.3507
1302,473293,2019-07-15,0.0471
1302,70942,2019-07-16,16.8362
1302,12997,2019-07-15,0.9088
1302,465762,2019-07-15,0.2632
1302,131124,2019-07-15,7.3301
1729,76395,2019-07-15,0.0556
1302,280884,2019-07-17,1.407
1717,170864,2019-07-17,0.029
1302,412575,2019-07-16,94.1987
1729,88718,2019-07-16,0.3809
1717,15417,2019-07-17,0.7135
1302,303057,2019-07-15,6.2658
1729,12768,2019-07-15,0.0932
1302,15035,2019-07-15,1.8624
1302,93002,2019-07-17,0.5555
1302,473248,2019-07-16,1.699
1717,128698,2019-07-16,0.2452
1717,13116,2019-07-16,3.7761
1717,44189,2019-07-17,0.6398
1302,441209,2019-07-17,3.6348
1717,88718,2019-07-16,1.7168
1717,89135,2019-07-16,0.3855
1302,25331,2019-07-15,4.5814
1717,41041,2019-07-17,6.4303
1729,77224,2019-07-17,2.4589
1717,57059,2019-07-17,11.3951
1729,10528,2019-07-15,0.9572
1717,89586,2019-07-15,0.1558
1717,3212028,2019-07-16,0.0282
1302,61315,2019-07-16,0.4155
1302,472807,2019-07-16,2.0467
1729,16926,2019-07-16,1.7556
1302,331715,2019-07-17,0.0516
1717,77521,2019-07-17,2.4267
1729,23986,2019-07-16,0.002
1729,15035,2019-07-16,0.3594
1717,417389,2019-07-16,2.5781
1302,44349,2019-07-16,110.8646
1302,63906,2019-07-16,1.1142
1717,40259,2019-07-15,0.2273
1717,473149,2019-07-16,0.966
1302,18715,2019-07-17,10.4609
1302,420,2019-07-16,0.017
1302,65795,2019-07-15,3.5739
1302,901,2019-07-16,0.4375
1302,41041,2019-07-16,1.4038
1729,132145,2019-07-16,5.3091
1302,888,2019-07-16,33.6701
1717,472449,2019-07-16,0.6582
1729,89135,2019-07-16,0.1324
1302,66389,2019-07-16,7.5799
1302,12614,2019-07-16,0.3801
1302,97314,2019-07-16,0.0012
1717,62718,2019-07-16,0.3926
1729,98113,2019-07-16,0.1577
1717,3440087,2019-07-16,72.8203
1717,473057,2019-07-16,1.2427
1717,395236,2019-07-15,0.3083
1729,54294,2019-07-16,0.2612
1729,263733,2019-07-16,0.2535
1729,25645,2019-07-15,0.2714
1302,120975,2019-07-16,0
1302,464536,2019-07-15,5.2409
1729,376,2019-07-17,2.6047
1729,441162,2019-07-16,0.246
1729,471121,2019-07-16,2.9287
1302,418614,2019-07-16,0.4503
1717,331715,2019-07-16,0.384
1717,44776,2019-07-16,0.0644
1729,303040,2019-07-16,0.0974
1302,16926,2019-07-16,0.7522
1302,115636,2019-07-16,2.195
1302,994996,2019-07-16,67.275
1302,25188,2019-07-16,6.7987
1302,25645,2019-07-16,1.784
1717,59985,2019-07-16,1.4886
1717,420,2019-07-16,4.2992
1729,62572,2019-07-16,4.4986
1729,466776,2019-07-16,1.4051
1729,11662,2019-07-16,0.1887
1302,77224,2019-07-15,0.874
1302,59985,2019-07-15,6.0909
1302,98113,2019-07-16,1.1629
1729,32087,2019-07-16,5e-04
1717,46930,2019-07-16,0.0985
1729,44349,2019-07-16,25.7368
1717,15035,2019-07-15,6.5556
1729,28202,2019-07-16,4.5209
1717,376,2019-07-16,4.3093
1729,995108,2019-07-17,0.2045
1717,472197,2019-07-15,0.419
1729,61315,2019-07-16,0.0298
1717,61315,2019-07-16,2.8303
1717,345668,2019-07-16,0.0304
1717,341257,2019-07-16,0.2542
1302,84086,2019-07-15,2.1439
1302,10238,2019-07-16,0.2959
1729,57288,2019-07-16,0.0123
1302,16759,2019-07-16,68.284
1729,157896,2019-07-16,0.0344
1302,77484,2019-07-16,0.8664
1717,364010,2019-07-16,0.0131
1302,35392,2019-07-16,2.1683
1729,208,2019-07-16,6.4161
1302,52542,2019-07-16,108.4
1717,15059,2019-07-16,7.0969
1729,16339,2019-07-17,18.191
1729,31240,2019-07-16,1.0502
1729,789,2019-07-16,5.1388
1717,51705,2019-07-16,11.1953
1717,54294,2019-07-16,7e-04
1302,473231,2019-07-16,0.7847
1302,216944,2019-07-17,0.1795
1302,80095,2019-07-16,0.3172
1717,1573954,2019-07-16,2.075
1717,473170,2019-07-16,0.0352
1717,92326,2019-07-16,7.3951
1302,68765,2019-07-15,21.5165
1717,417433,2019-07-16,3.7743
1302,345538,2019-07-15,1.5275
1717,10238,2019-07-16,0.3234
1717,263757,2019-07-16,0.1802
1302,128728,2019-07-16,0.0049
1729,18715,2019-07-16,0.9916
1729,83379,2019-07-15,0.0035
1729,10191,2019-07-16,0.4245
1729,216944,2019-07-16,0.0066
1717,12010,2019-07-16,1.8665
1302,66068,2019-07-15,1.8701
1717,11280,2019-07-16,0.1374
1717,63173,2019-07-16,7.9353
1729,92326,2019-07-16,13.0484
1729,61179,2019-07-16,2.2466
1729,263610,2019-07-16,1.6386
1717,378055,2019-07-16,0.3308
1302,120098,2019-07-16,0.9629
1729,9201,2019-07-16,0.0014
1302,51705,2019-07-15,2.1731
1717,97314,2019-07-15,1.67
1717,472906,2019-07-16,1.9251
1302,77231,2019-07-16,4.6374
1717,78788,2019-07-16,0.6693
1729,303057,2019-07-15,0.1748
1717,140584,2019-07-16,0.1617
1302,471145,2019-07-15,1.2497
1729,471091,2019-07-16,6.1576
1717,80347,2019-07-15,1.2137
1717,536,2019-07-15,0.9287
1717,444,2019-07-16,0.3939
1717,1854,2019-07-16,0.4222
1717,19934,2019-07-15,0.6261
1717,473736,2019-07-16,0.4126
1302,84994,2019-07-16,1.2641
1302,57288,2019-07-16,0.2725
1302,40372,2019-07-16,3.8301
1302,74667,2019-07-16,10.4746
1302,142724,2019-07-16,1.3126
1729,1298,2019-07-16,0
1302,8280,2019-07-16,1.3718
1717,54300,2019-07-16,0.0044
1717,1110869,2019-07-15,4.0519
1729,464536,2019-07-16,1.312
1302,63210,2019-07-16,3.9599
1729,280884,2019-07-16,0.0425
1729,447003,2019-07-16,0.3349
1717,85601,2019-07-16,10.539
1717,287944,2019-07-16,0.0794
1717,1809,2019-07-17,0.9586
1729,56854,2019-07-17,0.2425
1302,115582,2019-07-17,0.3106
1717,56854,2019-07-15,1.3037
1302,468602,2019-07-17,2.2605
1302,1854,2019-07-17,0.0696
1302,63357,2019-07-17,1.9095
1302,280860,2019-07-15,0.9084
1717,16926,2019-07-16,3.1815
1717,12997,2019-07-17,0.6335
1302,79815,2019-07-16,1.6227
1717,74612,2019-07-16,0.4785
1729,73653,2019-07-17,0
1729,52542,2019-07-16,49.4611
1729,32537,2019-07-17,1.0723
1717,12614,2019-07-16,0.366
1302,440332,2019-07-17,0.7438
1302,87247,2019-07-16,0.1029
1302,9430,2019-07-17,6.5884
1717,36559,2019-07-17,1.0642
1302,73653,2019-07-16,0.0112
1302,77521,2019-07-16,0.3474
1717,142724,2019-07-17,0.9882
1729,63173,2019-07-17,10.5913
1302,60066,2019-07-16,2.9129
1302,41034,2019-07-17,4.8987
1302,102162,2019-07-15,0.0023
1302,74209,2019-07-17,0.3145
1302,105491,2019-07-17,3.3656
1302,11662,2019-07-17,1.3239
1717,280877,2019-07-17,0.0847
1717,52542,2019-07-17,0.6961
1717,366793,2019-07-16,0.0665
1717,789,2019-07-17,1.8262
1717,171908,2019-07-17,1e-04
1729,86103,2019-07-17,0.0501
1302,465717,2019-07-17,5.8789
1717,95389,2019-07-17,0.9798
1729,12997,2019-07-17,0.1874
1302,8440,2019-07-17,0.3624
1717,417402,2019-07-17,0.4546
1717,74667,2019-07-17,0
1302,418492,2019-07-17,3.2635
1729,441209,2019-07-16,2.4395
1302,71727,2019-07-15,0
1302,76869,2019-07-15,3.9625
1302,471114,2019-07-17,6e-04
1717,1250,2019-07-17,0.31
1302,468589,2019-07-17,9.2874
1717,60769,2019-07-16,0.0925
1717,400947,2019-07-15,0.0102
1729,426947,2019-07-17,0.4753
1729,471138,2019-07-17,2.4258
1729,32629,2019-07-17,23.7012
1729,44912,2019-07-15,11.2615
1729,144919,2019-07-16,6e-04
1302,57059,2019-07-17,0
1717,472371,2019-07-17,0.4422
1302,76395,2019-07-17,0
1302,826,2019-07-15,1.6663
1729,10924,2019-07-17,0.0829
1729,12614,2019-07-17,0.2738
1717,62572,2019-07-17,5.6733
1717,994996,2019-07-17,1.1388
1717,287739,2019-07-17,0.6821
1302,471121,2019-07-16,2.9719
1717,24297,2019-07-16,0.244
1302,995795,2019-07-17,0.1935
1729,8440,2019-07-17,0.0406
1729,263702,2019-07-16,0.3209
1729,99165,2019-07-16,0.2646
1729,70942,2019-07-17,0.1999
1302,135160,2019-07-17,1.1053
1729,89326,2019-07-16,0.2373
1302,466776,2019-07-17,3.864
1717,244466,2019-07-16,1.1697
1717,37839,2019-07-17,0.4355
1717,71727,2019-07-17,0.2024
1717,8280,2019-07-16,4.0323
1729,15417,2019-07-15,0.1104
1302,473330,2019-07-17,1.7512
1302,376,2019-07-15,4.1865
1717,471138,2019-07-16,1.7332
1302,489584,2019-07-17,0.0362
1302,473316,2019-07-16,0.5597
1302,335751,2019-07-16,0.9953
1302,331616,2019-07-15,0.0341
1302,331784,2019-07-17,1.1968
1729,59985,2019-07-17,56.4908
1729,471145,2019-07-16,0.5183
1302,32704,2019-07-15,0.2905
1729,802,2019-07-16,0.6455
1302,11945,2019-07-17,0.3401
1729,11068,2019-07-16,1.6525
1729,95877,2019-07-17,3.8199
1729,11945,2019-07-17,0.2175
1717,737272,2019-07-17,3.551
1729,41041,2019-07-17,1.4277
1729,68765,2019-07-16,7.6263
1717,77224,2019-07-15,1.6064
1729,12775,2019-07-15,1.391
1729,42659,2019-07-17,5.9515
1729,24297,2019-07-16,2.113
1729,36559,2019-07-16,1.5084
1717,10429,2019-07-15,9e-04
1302,465694,2019-07-17,0.1029
1729,140195,2019-07-15,0.1954
1302,44189,2019-07-16,0.9424
1302,66136,2019-07-15,3.2691
1302,440837,2019-07-15,2.879
1717,38997,2019-07-17,0.4544
1302,119986,2019-07-17,1.8356
1717,80132,2019-07-16,0.1726
1717,75183,2019-07-16,0.3749
1302,82587,2019-07-16,0.5364
1302,5029,2019-07-17,9.766
1302,30533,2019-07-17,2.5248
1729,421935,2019-07-17,153.7532
1717,161091,2019-07-17,0.2804
1302,11099,2019-07-17,0.7234
1302,54294,2019-07-16,3.0598
1717,8440,2019-07-16,0.5536
1717,472166,2019-07-15,0.8596
1302,69045,2019-07-17,1.565
1302,89135,2019-07-17,0.7558
1302,66860,2019-07-17,0.5897
1729,19934,2019-07-17,0.2395
1302,38997,2019-07-17,3.096
1302,483056,2019-07-16,0.579
1717,4869092,2019-07-17,11.9807
1302,88718,2019-07-17,0.5022
1302,115643,2019-07-17,2.8481
1717,12768,2019-07-16,0.2969
1717,151023,2019-07-17,0.6468
1717,5951,2019-07-17,0.0223
1729,84086,2019-07-17,1.0675
1717,417457,2019-07-16,1.3929
1717,25812,2019-07-16,0.2483
1717,414630,2019-07-17,0.2206
1729,12010,2019-07-16,1.1979
1717,42659,2019-07-16,5.7081
1729,378055,2019-07-17,2.0929
1302,277,2019-07-16,1.0595
1302,139465,2019-07-17,7.1176
1729,71727,2019-07-16,0
1717,11662,2019-07-17,0.3531
1717,42123,2019-07-16,0.2077
1717,472326,2019-07-17,0.497
1729,468602,2019-07-17,0.0031
1302,80132,2019-07-16,0.3335
1717,169851,2019-07-16,86.2095
1717,435994,2019-07-17,0.4618
1302,280822,2019-07-17,0.9005
1729,83478,2019-07-16,0
1717,417488,2019-07-17,2.1747
1717,871099,2019-07-16,1.7675
1302,352,2019-07-17,0.2795
1302,46503,2019-07-17,0.0125
1302,244640,2019-07-17,2.419
1302,216760,2019-07-17,0
1302,378055,2019-07-17,7.791
1729,105491,2019-07-17,0.6431
1302,5951,2019-07-17,4.0509
1717,464703,2019-07-17,0.0573
1717,47197,2019-07-17,0.637
1302,488402,2019-07-17,4.1248
1729,1311,2019-07-17,9.8529
1729,244466,2019-07-17,0.3225
1717,995795,2019-07-17,5.6318
1302,473323,2019-07-17,5.0079
1729,994996,2019-07-17,12.711
1302,471053,2019-07-17,11.1636
1729,52559,2019-07-16,0.0504
1717,73318,2019-07-16,1.4181
1302,61643,2019-07-15,0.2302
1302,439626,2019-07-17,2.649
1717,30533,2019-07-17,1.3188
1717,471091,2019-07-17,0.8446
1729,65795,2019-07-16,1.457
1302,52955,2019-07-16,0.6197
1717,216760,2019-07-17,0.0589
1729,63210,2019-07-17,0.9262
1302,6668,2019-07-16,4.2375
1729,87247,2019-07-16,3.0005
1729,23634,2019-07-17,0.0017
1302,494595,2019-07-17,1.6635
1729,441148,2019-07-17,0.2463
1302,314367,2019-07-16,12.7671
1717,473156,2019-07-17,0.3732
1729,80095,2019-07-17,0.0468
1302,132145,2019-07-17,24.8322
1717,10924,2019-07-17,0.0826
1729,120975,2019-07-17,0
1729,32704,2019-07-16,0.1135
1729,89586,2019-07-16,0.0569
1302,348270,2019-07-17,0.6806
1302,28202,2019-07-17,8.3657
1302,23986,2019-07-16,0.2875
1717,49771,2019-07-16,2.5187
1717,280884,2019-07-17,0.2234
1717,25331,2019-07-17,0.2855
1302,121507,2019-07-17,1.5866
1302,1733402,2019-07-17,5.0447
1717,52559,2019-07-16,0.4946
1729,18449,2019-07-17,5.2324
1729,335751,2019-07-17,0.1429
1302,263986,2019-07-16,1.7367
1729,441315,2019-07-15,0.2463
1302,345668,2019-07-17,0.2307
1717,352,2019-07-16,0.8881
1717,998734,2019-07-16,0.0206
1729,81641,2019-07-17,0.9611
1717,80095,2019-07-16,0.3495
1729,287739,2019-07-16,6e-04
1729,73486,2019-07-15,0.2496
1302,63173,2019-07-17,4.5687
1729,998734,2019-07-17,0.0038
1717,44912,2019-07-16,5.3786
1729,32155,2019-07-16,0.5297
1729,77392,2019-07-16,1.7008
1717,3440018,2019-07-17,7.0244
1729,472807,2019-07-16,0.4495
1729,61179,2019-07-17,2.0713
1729,131124,2019-07-17,2.7761
1729,277,2019-07-17,0.173
1729,67263,2019-07-17,1.9301
1717,73486,2019-07-16,0.1188
1729,80347,2019-07-15,0
1717,473064,2019-07-16,0.0504
1302,15417,2019-07-17,3.3637
1729,13116,2019-07-16,1.7002
1717,23986,2019-07-16,0.2467
1717,62800,2019-07-15,0.9347
1302,70942,2019-07-17,18.6028
1717,61643,2019-07-16,1.8097
1302,46060,2019-07-16,59.3493
1717,12249,2019-07-15,6.5047
1717,18715,2019-07-16,1.1392
1302,412575,2019-07-17,126.5542
1729,88718,2019-07-17,0.3897
1302,473217,2019-07-16,1.1434
1302,617987,2019-07-16,0.1535
1302,92326,2019-07-16,33.8893
1302,473248,2019-07-17,3.068
1717,128698,2019-07-17,0.2721
1717,13116,2019-07-17,4.8163
1717,88718,2019-07-17,1.7725
1717,89135,2019-07-17,0.398
1729,46060,2019-07-16,9.0704
1302,34500,2019-07-16,9.2656
1717,54270,2019-07-16,0.0236
1717,3212028,2019-07-17,0.034
1302,61315,2019-07-17,0.7804
1302,472807,2019-07-17,2.9878
1729,16926,2019-07-17,1.8075
1729,23986,2019-07-17,0.0021
1302,73486,2019-07-17,0.821
1717,417389,2019-07-17,2.4352
1302,44349,2019-07-17,119.3647
1302,63906,2019-07-17,1.146
1729,143745,2019-07-16,3.1207
1717,473149,2019-07-17,0.9124
1302,420,2019-07-17,0.032
1717,1281,2019-07-16,3.222
1302,78788,2019-07-16,1.5304
1302,41041,2019-07-17,1.5115
1717,263986,2019-07-16,1.2592
1302,18449,2019-07-17,0.2433
1717,472449,2019-07-17,0.6217
1302,16087,2019-07-16,6.5909
1302,66389,2019-07-17,8.9692
1717,1298,2019-07-16,0.1814
1302,97314,2019-07-17,0.0022
1302,181860,2019-07-16,1.2042
1729,98113,2019-07-17,0.2724
1717,3440087,2019-07-17,91.0592
1302,287944,2019-07-16,0.2128
1717,61179,2019-07-16,0.969
1729,54294,2019-07-17,0.2689
1729,263733,2019-07-17,0.2813
1302,303040,2019-07-16,1.1466
1302,120975,2019-07-17,0
1717,54003,2019-07-16,1.8112
1729,441162,2019-07-17,0.2611
1729,471121,2019-07-17,3.8587
1302,418614,2019-07-17,0.5317
1717,331715,2019-07-17,0.4262
1717,472418,2019-07-17,2.0442
1302,99165,2019-07-17,3.4426
1302,16926,2019-07-17,0.9928
1302,115636,2019-07-17,3.9637
1302,994996,2019-07-17,80.6623
1302,25188,2019-07-17,7.5067
1302,25645,2019-07-17,1.4736
1717,59985,2019-07-17,1.5004
1717,420,2019-07-17,4.4389
1729,62572,2019-07-17,4.6316
1729,466776,2019-07-17,1.9619
1729,102230,2019-07-16,0.753
1302,441360,2019-07-16,0.0441
1302,465632,2019-07-15,0.2918
1302,98113,2019-07-17,1.5036
1729,32087,2019-07-17,9e-04
1717,46930,2019-07-17,0.0993
1302,150927,2019-07-16,1.0612
1302,12881,2019-07-16,0.0561
1729,28202,2019-07-17,5.9018
1717,376,2019-07-17,3.4348
1717,209366,2019-07-16,7.2519
1302,54690,2019-07-16,0.6805
1717,61315,2019-07-17,2.9222
1717,345668,2019-07-17,0.0327
1717,341257,2019-07-17,0.3455
1729,79389,2019-07-16,1.2457
1302,10238,2019-07-17,0.2066
1729,57288,2019-07-17,0.0197
1302,16759,2019-07-17,90.1279
1729,157896,2019-07-17,0.0399
1302,77484,2019-07-17,0.8911
1302,80347,2019-07-16,0.1226
1729,244640,2019-07-16,0
1729,208,2019-07-17,8.1529
1302,52542,2019-07-17,116.7111
1717,69045,2019-07-16,0.0133
1729,10238,2019-07-16,0.01
1729,789,2019-07-17,6.9996
1717,51705,2019-07-17,10.3146
1717,54294,2019-07-17,8e-04
1302,473231,2019-07-17,1.417
1729,444,2019-07-16,0.1176
1717,1573954,2019-07-17,4.2985
1717,473170,2019-07-17,0.0332
1302,465854,2019-07-16,14.7729
1302,4869092,2019-07-15,2e-04
1717,417433,2019-07-17,3.5651
1302,121491,2019-07-16,0.091
1729,37051,2019-07-16,0.0062
1717,263757,2019-07-17,0.1964
1302,52559,2019-07-16,0.4525
1717,34500,2019-07-16,5.5092
1717,1335,2019-07-16,0.0115
1729,10191,2019-07-17,0.4371
1729,216944,2019-07-17,0.0082
1302,143981,2019-07-16,0.1963
1302,143745,2019-07-16,8.877
1302,244466,2019-07-16,1.6172
1717,63173,2019-07-17,9.0122
1302,1281,2019-07-16,5.8374
1729,263610,2019-07-17,1.8181
1717,378055,2019-07-17,0.2632
1302,120098,2019-07-17,1.7388
1302,98243,2019-07-17,3.8337
1302,444,2019-07-15,0.1641
1729,826,2019-07-16,0.695
1717,472906,2019-07-17,1.8184
1302,92777,2019-07-16,0.038
1717,10993,2019-07-16,0.0118
1717,440837,2019-07-15,0.0121
1717,140584,2019-07-17,0.2498
1302,55635,2019-07-16,0.0028
1302,465762,2019-07-16,0.3191
1302,465786,2019-07-15,17.3413
1717,140652,2019-07-16,0.1028
1717,444,2019-07-17,0.4066
1717,1854,2019-07-17,0.4359
1302,303057,2019-07-16,7.2383
1729,12768,2019-07-16,0.1208
1302,15035,2019-07-16,2.2212
1302,57288,2019-07-17,0.2978
1302,40372,2019-07-17,4.7058
1302,74667,2019-07-17,7.838
1302,142724,2019-07-17,1.4504
1729,1298,2019-07-17,0
1302,25331,2019-07-16,5.6639
1729,10528,2019-07-16,1.2868
1717,44349,2019-07-16,1.7467
1729,464536,2019-07-17,1.414
1302,63210,2019-07-17,3.416
1729,280884,2019-07-17,0.0361
1729,447003,2019-07-17,0.4429
1717,85601,2019-07-17,11.9692
1729,15035,2019-07-17,0.4882
1717,140195,2019-07-16,0.9783
1302,42659,2019-07-16,7.3608
1302,901,2019-07-17,0.8219
1729,132145,2019-07-17,8.7018
1302,888,2019-07-17,36.7653
1729,89135,2019-07-17,0.1355
1302,12614,2019-07-17,0.5193
1717,62718,2019-07-17,0.4358
1717,473057,2019-07-17,1.1738
1717,46060,2019-07-16,0.6644
1729,25645,2019-07-16,0.2055
1717,345989,2019-07-16,0.2102
1717,44776,2019-07-17,0.0736
1729,303040,2019-07-17,0.1803
1729,11662,2019-07-17,0.2031
1302,435994,2019-07-16,0.3275
1729,102162,2019-07-16,0.233
1729,44349,2019-07-17,32.664
1302,483964,2019-07-16,1.3344
1302,1304,2019-07-16,0.2282
1729,61315,2019-07-17,0.0305
1302,83478,2019-07-16,1.689
1717,364010,2019-07-17,0.0158
1302,35392,2019-07-17,2.2303
1717,15059,2019-07-17,7.9841
1729,5951,2019-07-16,1.2996
1729,89326,2019-07-17,0.2428
1302,80095,2019-07-17,0.3467
1717,92326,2019-07-17,8.3184
1302,42123,2019-07-16,0.063
1717,447713,2019-07-16,0.535
1717,10238,2019-07-17,0.3143
1302,128728,2019-07-17,0.005
1729,18715,2019-07-17,1.3112
1302,536,2019-07-16,0.0523
1717,12010,2019-07-17,1.4243
1302,89586,2019-07-16,10.4236
1717,11280,2019-07-17,0.3049
1729,92326,2019-07-17,18.0275
1729,9201,2019-07-17,0.0014
1729,209366,2019-07-16,4.4255
1302,10993,2019-07-16,1.6064
1302,77231,2019-07-17,5.2849
1717,78788,2019-07-17,0.7601
1717,74896,2019-07-16,0.1849
1302,12997,2019-07-16,1.423
1729,471091,2019-07-17,6.8585
1729,1335,2019-07-15,0.9067
1729,76395,2019-07-16,0.0474
1717,19934,2019-07-16,0.4266
1717,473736,2019-07-17,0.4496
1302,84994,2019-07-17,1.8528
1302,8280,2019-07-17,1.4769
1717,54300,2019-07-17,0.0048
1717,89586,2019-07-16,0.1735
1717,287944,2019-07-17,0.1121
1717,40259,2019-07-16,0.1681
1302,65795,2019-07-16,7.5073
1717,16926,2019-07-17,3.4226
1302,79815,2019-07-17,1.6691
1717,74612,2019-07-17,0.7395
1729,52542,2019-07-17,62.774
1717,12614,2019-07-17,0.5314
1302,87247,2019-07-17,0.111
1302,73653,2019-07-17,0.0211
1717,395236,2019-07-16,0.3643
1302,60066,2019-07-17,3.1362
1302,464536,2019-07-16,9.4506
1729,441209,2019-07-17,2.83
1302,77224,2019-07-16,1.5623
1717,11068,2019-07-16,0.3315
1717,60769,2019-07-17,0.1008
1717,15035,2019-07-16,6.5057
1717,472197,2019-07-16,0.4696
1729,144919,2019-07-17,0.001
1302,84086,2019-07-16,2.6642
1302,471121,2019-07-17,3.7515
1717,24297,2019-07-17,0.2472
1729,263702,2019-07-17,0.3561
1729,31240,2019-07-17,1.0812
1717,244466,2019-07-17,1.074
1717,8280,2019-07-17,4.0643
1302,30151,2019-07-16,0.3733
1302,345538,2019-07-16,2.1966
1717,471138,2019-07-17,1.9332
1302,473316,2019-07-17,1.0108
1302,335751,2019-07-17,1.0989
1302,10528,2019-07-16,10.0208
1729,471145,2019-07-17,0.6829
1302,66068,2019-07-16,2.1304
1729,802,2019-07-17,0.8792
1729,11068,2019-07-17,2.8184
1729,68765,2019-07-17,5.2155
1717,19095,2019-07-16,0.2703
1717,97314,2019-07-16,1.2983
1729,24297,2019-07-17,2.5688
1729,36559,2019-07-17,2.4413
1302,473293,2019-07-16,0.0571
1302,471145,2019-07-16,2.1054
1302,44189,2019-07-17,1.0146
1717,76395,2019-07-15,0.003
1717,536,2019-07-16,0.722
1717,80132,2019-07-17,0.1394
1717,75183,2019-07-17,0.4085
1302,82587,2019-07-17,1.0076
1302,54294,2019-07-17,4.0387
1717,8440,2019-07-17,0.5139
1717,1110869,2019-07-16,3.892
1302,483056,2019-07-17,0.5688
1717,56854,2019-07-16,1.293
1302,280860,2019-07-16,1.3062
1717,25812,2019-07-17,0.2996
1729,12010,2019-07-17,1.4725
1717,42659,2019-07-17,6.1407
1302,277,2019-07-17,1.4389
1729,71727,2019-07-17,0
1717,42123,2019-07-17,0.2589
1302,80132,2019-07-17,0.3644
1717,169851,2019-07-17,88.993
1729,83478,2019-07-17,0
1302,102162,2019-07-16,0.0022
1729,52559,2019-07-17,0.0516
1302,71727,2019-07-16,0
1302,59985,2019-07-16,56.2522
1729,65795,2019-07-17,1.5001
1717,400947,2019-07-16,0.0419
1729,44912,2019-07-16,46.8052
1729,87247,2019-07-17,3.6884
1302,826,2019-07-16,3.9688
1729,32704,2019-07-17,0.1049
1729,89586,2019-07-17,0.0786
1302,23986,2019-07-17,0.2663
1729,99165,2019-07-17,0.2391
1717,52559,2019-07-17,0.5107
1302,263986,2019-07-17,1.7923
1302,68765,2019-07-16,119.0025
1302,376,2019-07-16,7.4833
1717,998734,2019-07-17,0.0235
1717,80095,2019-07-17,0.2824
1729,287739,2019-07-17,7e-04
1729,83379,2019-07-16,0.0059
1717,44912,2019-07-17,5.4214
1302,32704,2019-07-16,0.3025
1729,77392,2019-07-17,1.8301
1729,472807,2019-07-17,0.7416
1717,73486,2019-07-17,0.2369
1302,51705,2019-07-16,5.423
1729,12775,2019-07-16,1.4023
1729,13116,2019-07-17,1.805
1717,23986,2019-07-17,0.229
1729,303057,2019-07-16,0.1989
1729,140195,2019-07-16,0.3096
1302,46060,2019-07-17,63.8997
1302,131124,2019-07-16,15.3976
1302,440837,2019-07-16,2.9888
1302,473217,2019-07-17,2.0647
1302,617987,2019-07-17,0.287
1302,92326,2019-07-17,50.8258
1729,46060,2019-07-17,11.5118
1302,34500,2019-07-17,13.8961
1717,472166,2019-07-16,0.9634
1717,12768,2019-07-17,0.3507
1717,417457,2019-07-17,1.3157
1302,78788,2019-07-17,1.3202
1717,263986,2019-07-17,1.4136
1302,16087,2019-07-17,8.6994
1717,1298,2019-07-17,0.1873
1302,181860,2019-07-17,1.2386
1302,287944,2019-07-17,0.1967
1717,61179,2019-07-17,1.0901
1302,303040,2019-07-17,1.2496
1717,871099,2019-07-17,1.8491
1729,102230,2019-07-17,0.8354
1717,73318,2019-07-17,2.1917
1302,76869,2019-07-16,5.2344
1302,150927,2019-07-17,1.3722
1302,52955,2019-07-17,0.8012
1302,6668,2019-07-17,3.1708
1302,54690,2019-07-17,1.2783
1302,314367,2019-07-17,14.0966
1302,80347,2019-07-17,0.2303
1729,244640,2019-07-17,0
1717,69045,2019-07-17,0.0053
1717,49771,2019-07-17,3.1393
1729,444,2019-07-17,0.1203
1302,465854,2019-07-17,26.6764
1729,15417,2019-07-16,0.1358
1717,352,2019-07-17,0.9169
1729,37051,2019-07-17,0.0057
1302,52559,2019-07-17,0.85
1717,34500,2019-07-17,6.197
1302,331616,2019-07-16,0.0139
1302,143981,2019-07-17,0.2361
1729,32155,2019-07-17,0.7004
1302,244466,2019-07-17,1.865
1302,1281,2019-07-17,4.3681
1717,77224,2019-07-16,1.5932
1717,473064,2019-07-17,0.0476
1302,92777,2019-07-17,0.0414
1717,10993,2019-07-17,0.0047
1717,10429,2019-07-16,0.0039
1717,61643,2019-07-17,1.4425
1302,465762,2019-07-17,0.5763
1717,80347,2019-07-16,0.9436
1717,18715,2019-07-17,1.7607
1302,303057,2019-07-17,7.8887
1729,12768,2019-07-17,0.1423
1302,15035,2019-07-17,2.4872
1302,25331,2019-07-17,6.5318
1729,10528,2019-07-17,1.3248
1717,54270,2019-07-17,0.0254
1729,143745,2019-07-17,4.2385
1717,1281,2019-07-17,2.9685
1717,46060,2019-07-17,0.6697
1729,25645,2019-07-17,0.3556
1717,54003,2019-07-17,2.1049
1302,441360,2019-07-17,0.0546
1302,61643,2019-07-16,0.4115
1302,12881,2019-07-17,0.1793
1717,209366,2019-07-17,7.486
1729,79389,2019-07-17,1.4807
1729,10238,2019-07-17,0.0045
1729,441315,2019-07-16,0.2218
1302,121491,2019-07-17,0.1643
1729,73486,2019-07-16,0.1989
1302,143745,2019-07-17,9.9401
1729,80347,2019-07-16,0
1729,826,2019-07-17,0.9467
1717,62800,2019-07-16,0.6913
1302,55635,2019-07-17,0.0046
1302,66136,2019-07-16,4.3112
1717,140652,2019-07-17,0.1589
1717,19934,2019-07-17,0.4845
1717,44349,2019-07-17,1.7606
1717,140195,2019-07-17,1.3237
1302,42659,2019-07-17,9.7155
1717,395236,2019-07-17,0.397
1717,345989,2019-07-17,0.2464
1302,435994,2019-07-17,0.3867
1302,465632,2019-07-16,0.3538
1302,483964,2019-07-17,1.5377
1302,1304,2019-07-17,0.4286
1302,83478,2019-07-17,4.0447
1302,4869092,2019-07-16,1e-04
1717,447713,2019-07-17,0.6271
1717,1335,2019-07-17,0.0701
1302,89586,2019-07-17,15.6329
1302,444,2019-07-16,0.2168
1302,10993,2019-07-17,1.8513
1717,440837,2019-07-16,0.0153
1302,12997,2019-07-17,1.8151
1717,12249,2019-07-16,6.5696
1729,76395,2019-07-17,0.0442
1717,89586,2019-07-17,0.1951
1717,40259,2019-07-17,0.2598
1302,65795,2019-07-17,9.9089
1302,464536,2019-07-17,7.7221
1302,77224,2019-07-17,1.7804
1729,102162,2019-07-17,0.2586
1717,15035,2019-07-17,7.2115
1717,472197,2019-07-17,0.4436
1302,84086,2019-07-17,2.7496
1302,42123,2019-07-17,0.0924
1302,345538,2019-07-17,2.5936
1302,536,2019-07-17,0.0982
1302,66068,2019-07-17,3.4953
1729,209366,2019-07-17,5.134
1717,97314,2019-07-17,1.3405
1717,74896,2019-07-17,0.2015
1302,471145,2019-07-17,2.6578
1302,465786,2019-07-16,21.0296
1717,536,2019-07-17,0.7455
1717,1110869,2019-07-17,3.9675
1717,56854,2019-07-17,1.0306
1302,280860,2019-07-17,1.5423
1302,102162,2019-07-17,0.0023
1302,71727,2019-07-17,0
1717,11068,2019-07-17,0.246
1717,400947,2019-07-17,0.0479
1729,44912,2019-07-17,59.4032
1302,826,2019-07-17,4.3336
1302,30151,2019-07-17,1.1923
1302,376,2019-07-17,8.5282
1302,10528,2019-07-17,13.2264
1302,32704,2019-07-17,0.2972
1717,19095,2019-07-17,0.3369
1729,12775,2019-07-17,1.6517
1302,473293,2019-07-17,0.1031
1729,140195,2019-07-17,0.2397
1729,1335,2019-07-16,2.9407
1302,440837,2019-07-17,3.702
1717,472166,2019-07-17,0.91
1302,59985,2019-07-17,60.5651
1302,68765,2019-07-17,159.8776
1729,83379,2019-07-17,0.0061
1302,51705,2019-07-17,4.0579
1729,303057,2019-07-17,0.3684
1717,76395,2019-07-16,0.0034
1302,76869,2019-07-17,5.453
1729,15417,2019-07-17,0.1796
1302,331616,2019-07-17,0.0233
1717,77224,2019-07-17,1.2699
1717,10429,2019-07-17,0.0044
1302,131124,2019-07-17,20.3233
1302,61643,2019-07-17,0.469
1729,441315,2019-07-17,0.2354
1729,73486,2019-07-17,0.1061
1729,80347,2019-07-17,0
1717,62800,2019-07-17,1.0684
1717,80347,2019-07-17,0.9742
1302,465632,2019-07-17,0.6389
1302,4869092,2019-07-17,8e-04
1302,444,2019-07-17,0.4072
1717,440837,2019-07-17,0.0177
1302,66136,2019-07-17,5.2969
1717,12249,2019-07-17,7.0675
1302,465786,2019-07-17,37.9744
1729,1335,2019-07-17,3.8767
1717,76395,2019-07-17,0.0048
