Date;Year;Name;Type
1 de Jan;2017;New Year's Day;National Holiday
24 de Fev;2017;Carnival Friday;Observance
25 de Fev;2017;Carnival Saturday;Observance
26 de Fev;2017;Carnival Sunday;Observance
27 de Fev;2017;Carnival Monday;Optional Holiday
28 de Fev;2017;Carnival Tuesday;Optional Holiday
1 de Mar;2017;Carnival end (until 2pm);Optional Holiday
20 de Mar;2017;March Equinox;Season
14 de Abr;2017;Good Friday;National Holiday
16 de Abr;2017;Easter Sunday;Observance
21 de Abr;2017;Tiradentes Day;National Holiday
1 de Mai;2017;Labor Day / May Day;National Holiday
14 de Mai;2017;Mother's Day;Observance
12 de Jun;2017;Brazilian Valentine's Day;Observance
15 de Jun;2017;Corpus Christi;Optional Holiday
21 de Jun;2017;June Solstice;Season
13 de Ago;2017;Father's Day;Observance
7 de Set;2017;Independence Day;National Holiday
22 de Set;2017;September Equinox;Season
12 de Out;2017;Our Lady of Aparecida / Children's Day;National Holiday
15 de Out;2017;Teacher's Day;Observance
28 de Out;2017;Public Service Holiday;Optional Holiday
2 de Nov;2017;All Souls' Day;National Holiday
15 de Nov;2017;Republic Proclamation Day;National Holiday
20 de Nov;2017;Black Consciousness Day;Observance
21 de Dez;2017;December Solstice;Season
24 de Dez;2017;Christmas Eve (from 2pm);Optional Holiday
25 de Dez;2017;Christmas Day;National Holiday
31 de Dez;2017;New Year's Eve (from 2pm);Optional Holiday
1 de Jan;2018;New Year's Day;National Holiday
9 de Fev;2018;Carnival Friday;Observance
10 de Fev;2018;Carnival Saturday;Observance
11 de Fev;2018;Carnival Sunday;Observance
12 de Fev;2018;Carnival Monday;Optional Holiday
13 de Fev;2018;Carnival Tuesday;Optional Holiday
14 de Fev;2018;Carnival end (until 2pm);Optional Holiday
20 de Mar;2018;March Equinox;Season
30 de Mar;2018;Good Friday;National Holiday
1 de Abr;2018;Easter Sunday;Observance
21 de Abr;2018;Tiradentes Day;National Holiday
1 de Mai;2018;Labor Day / May Day;National Holiday
13 de Mai;2018;Mother's Day;Observance
31 de Mai;2018;Corpus Christi;Optional Holiday
12 de Jun;2018;Brazilian Valentine's Day;Observance
21 de Jun;2018;June Solstice;Season
12 de Ago;2018;Father's Day;Observance
7 de Set;2018;Independence Day;National Holiday
22 de Set;2018;September Equinox;Season
12 de Out;2018;Our Lady of Aparecida / Children's Day;National Holiday
15 de Out;2018;Teacher's Day;Observance
28 de Out;2018;Public Service Holiday;Optional Holiday
2 de Nov;2018;All Souls' Day;National Holiday
15 de Nov;2018;Republic Proclamation Day;National Holiday
20 de Nov;2018;Black Consciousness Day;Observance
21 de Dez;2018;December Solstice;Season
24 de Dez;2018;Christmas Eve (from 2pm);Optional Holiday
25 de Dez;2018;Christmas Day;National Holiday
31 de Dez;2018;New Year's Eve (from 2pm);Optional Holiday
1 de Jan;2019;New Year's Day;National Holiday
1 de Mar;2019;Carnival Friday;Observance
2 de Mar;2019;Carnival Saturday;Observance
3 de Mar;2019;Carnival Sunday;Observance
4 de Mar;2019;Carnival Monday;Optional Holiday
5 de Mar;2019;Carnival Tuesday;Optional Holiday
6 de Mar;2019;Carnival end (until 2pm);Optional Holiday
20 de Mar;2019;March Equinox;Season
19 de Abr;2019;Good Friday;National Holiday
21 de Abr;2019;Tiradentes Day;National Holiday
21 de Abr;2019;Easter Sunday;Observance
1 de Mai;2019;Labor Day / May Day;National Holiday
12 de Mai;2019;Mother's Day;Observance
12 de Jun;2019;Brazilian Valentine's Day;Observance
20 de Jun;2019;Corpus Christi;Optional Holiday
21 de Jun;2019;June Solstice;Season
11 de Ago;2019;Father's Day;Observance
7 de Set;2019;Independence Day;National Holiday
23 de Set;2019;September Equinox;Season
12 de Out;2019;Our Lady of Aparecida / Children's Day;National Holiday
15 de Out;2019;Teacher's Day;Observance
28 de Out;2019;Public Service Holiday;Optional Holiday
2 de Nov;2019;All Souls' Day;National Holiday
15 de Nov;2019;Republic Proclamation Day;National Holiday
20 de Nov;2019;Black Consciousness Day;Observance
22 de Dez;2019;December Solstice;Season
24 de Dez;2019;Christmas Eve (from 2pm);Optional Holiday
25 de Dez;2019;Christmas Day;National Holiday
31 de Dez;2019;New Year's Eve (from 2pm);Optional Holiday
1 de Jan;2020;New Year's Day;National Holiday
21 de Fev;2020;Carnival Friday;Observance
22 de Fev;2020;Carnival Saturday;Observance
23 de Fev;2020;Carnival Sunday;Observance
24 de Fev;2020;Carnival Monday;Optional Holiday
25 de Fev;2020;Carnival Tuesday;Optional Holiday
26 de Fev;2020;Carnival end (until 2pm);Optional Holiday
20 de Mar;2020;March Equinox;Season
10 de Abr;2020;Good Friday;National Holiday
12 de Abr;2020;Easter Sunday;Observance
21 de Abr;2020;Tiradentes Day;National Holiday
1 de Mai;2020;Labor Day / May Day;National Holiday
10 de Mai;2020;Mother's Day;Observance
11 de Jun;2020;Corpus Christi;Optional Holiday
12 de Jun;2020;Brazilian Valentine's Day;Observance
20 de Jun;2020;June Solstice;Season
9 de Ago;2020;Father's Day;Observance
7 de Set;2020;Independence Day;National Holiday
22 de Set;2020;September Equinox;Season
12 de Out;2020;Our Lady of Aparecida / Children's Day;National Holiday
15 de Out;2020;Teacher's Day;Observance
28 de Out;2020;Public Service Holiday;Optional Holiday
2 de Nov;2020;All Souls' Day;National Holiday
15 de Nov;2020;Republic Proclamation Day;National Holiday
20 de Nov;2020;Black Consciousness Day;Observance
21 de Dez;2020;December Solstice;Season
24 de Dez;2020;Christmas Eve (from 2pm);Optional Holiday
25 de Dez;2020;Christmas Day;National Holiday
31 de Dez;2020;New Year's Eve (from 2pm);Optional Holiday
